"utterance","identifier","path","pred","num_tolerance","support","isbest","iscorrect","isnovel"
1,"à-côté",,,,,,,
2,"à-coup",,,,,,,
3,"à-peu-près",,,,,,,
4,"à-pic",,,,,,,
5,"à-plat",,,,,,,
6,"à-propos",,,,,,,
7,"à-valoir",,,,,,,
8,"a","#a#","a",0,0.9999999999999999,true,true,false
9,"aa",,,,,,,
10,"abaca",,,,,,,
11,"abaisse-langue",,,,,,,
12,"abaisse",,,,,,,
13,"abaissement",,,,,,,
14,"abalone",,,,,,,
15,"abandon",,,,,,,
16,"abandonneur",,,,,,,
17,"abaque",,,,,,,
18,"abat-jour",,,,,,,
19,"abat-son",,,,,,,
20,"abat",,,,,,,
21,"abatage",,,,,,,
22,"abatis",,,,,,,
23,"abattant",,,,,,,
24,"abattement",,,,,,,
25,"abatteur",,,,,,,
26,"abattoir",,,,,,,
27,"abattu",,,,,,,
28,"abbatiale",,,,,,,
29,"abbaye",,,,,,,
30,"abbé",,,,,,,
31,"abc",,,,,,,
32,"abcès",,,,,,,
33,"abdication",,,,,,,
34,"abdo",,,,,,,
35,"abdomen",,,,,,,
36,"abdominaux",,,,,,,
37,"abduction",,,,,,,
38,"abécédaire",,,,,,,
39,"abeille",,,,,,,
40,"aber",,,,,,,
41,"aberration","#ab:abe:ber:err:rra:rat:ati:tio:ion:on#","aberration",0,0.916953942009486,true,true,false
42,"abêtissement",,,,,,,
43,"abîme",,,,,,,
44,"abjection",,,,,,,
45,"abjuration",,,,,,,
46,"ablatif",,,,,,,
47,"ablation",,,,,,,
48,"able",,,,,,,
49,"ablette",,,,,,,
50,"ablution","#ab:abl:blu:lut:uti:tio:ion:on#","ablution",0,0.974523097745548,true,true,false
51,"abnégation",,,,,,,
52,"aboi",,,,,,,
53,"aboiement",,,,,,,
54,"abolition","#ab:abo:bol:oli:lit:iti:tio:ion:on#","abolition",0,0.8900980830410965,true,true,false
55,"abolitionniste",,,,,,,
56,"abomination",,,,,,,
57,"abondance",,,,,,,
58,"abonné",,,,,,,
59,"abonnée",,,,,,,
60,"abonnement",,,,,,,
61,"abord",,,,,,,
62,"abordage",,,,,,,
63,"aborigène",,,,,,,
64,"abornement","#ab:abo:bor:orn:rne:nem:eme:men:ent:nt#","abornement",0,0.9051825722990758,true,true,false
65,"abouchement",,,,,,,
66,"aboulie",,,,,,,
67,"aboulique",,,,,,,
68,"abouna",,,,,,,
69,"about",,,,,,,
70,"aboutissant",,,,,,,
71,"aboutissement",,,,,,,
72,"aboyeur",,,,,,,
73,"abracadabra",,,,,,,
74,"abrasif",,,,,,,
75,"abrasion",,,,,,,
76,"abraxas","#ab:abr:bra:rax:axa:xas:as#","abraxas",0,0.9999136156835822,true,true,false
77,"abrégé",,,,,,,
78,"abreuvage",,,,,,,
79,"abreuvoir",,,,,,,
80,"abréviation",,,,,,,
81,"abri-refuge","#ab:abr:bri:ri-:i-r:-re:ref:efu:fug:uge:ge#","abri-refuge",0,0.9999817901679862,true,true,false
81,"abri-refuge","#an:ant:nti:ti-:i-r:-re:ref:efu:fug:uge:ge#","anti-refuge",0,0.6320091235721151,false,false,true
82,"abri",,,,,,,
83,"abribus",,,,,,,
84,"abricot",,,,,,,
85,"abricotier",,,,,,,
86,"abricotine",,,,,,,
87,"abrogation",,,,,,,
88,"abrupt",,,,,,,
89,"abruti",,,,,,,
90,"abrutie","#ab:abr:bru:rut:uti:tie:ie#","abrutie",0,0.8179255769448532,true,true,false
91,"abrutissement",,,,,,,
92,"abrutisseur",,,,,,,
93,"abscisse",,,,,,,
94,"abscission",,,,,,,
95,"absence",,,,,,,
96,"absent",,,,,,,
97,"absentéisme",,,,,,,
98,"absentéiste","#ab:abs:bse:sen:ent:nté:téi:éis:ist:ste:te#","absentéiste",0,0.7960784347240679,true,true,false
99,"abside",,,,,,,
100,"absidiole",,,,,,,
101,"absinthe",,,,,,,
102,"absolu",,,,,,,
103,"absolution",,,,,,,
104,"absolutisme",,,,,,,
105,"absorbant",,,,,,,
106,"absorbeur",,,,,,,
107,"absorption",,,,,,,
108,"absoute",,,,,,,
109,"abstention","#ab:abs:bst:ste:ten:ent:nti:tio:ion:on#","abstention",0,0.9057874296585505,true,true,false
110,"abstentionniste",,,,,,,
111,"abstinence",,,,,,,
112,"abstraction",,,,,,,
113,"abstrait",,,,,,,
114,"absurde",,,,,,,
115,"absurdité",,,,,,,
116,"abus",,,,,,,
117,"abuseur",,,,,,,
118,"abysse",,,,,,,
119,"abyssin",,,,,,,
120,"acabit",,,,,,,
121,"acacia",,,,,,,
122,"académicien",,,,,,,
123,"académie","#ap:app:ppr:pre:ren:ent:nti:tio:ion:on#","apprention",0,0.46898470084112487,true,false,true
124,"académisme",,,,,,,
125,"acadien",,,,,,,
126,"acadienne",,,,,,,
127,"acajou",,,,,,,
128,"acanthe",,,,,,,
129,"acarien",,,,,,,
130,"accablement",,,,,,,
131,"accalmie",,,,,,,
132,"accastillage",,,,,,,
133,"accélérateur",,,,,,,
134,"accélération",,,,,,,
135,"accéléré",,,,,,,
136,"accent",,,,,,,
137,"accenteur",,,,,,,
138,"accentuation",,,,,,,
139,"acceptant",,,,,,,
140,"acceptation",,,,,,,
141,"acception",,,,,,,
142,"accès","#ac:acc:ccè:cès:ès#","accès",0,0.9999689329236069,true,true,false
143,"accesseur",,,,,,,
144,"accessibilité",,,,,,,
145,"accession","#ac:acc:cce:ces:ess:ssi:sio:ion:on#","accession",0,0.7741797274682387,true,true,false
146,"accessit",,,,,,,
147,"accessoire",,,,,,,
148,"accessoiriste",,,,,,,
149,"accident","#ac:acc:cci:cid:ide:den:ent:nt#","accident",0,0.9532017462043263,true,true,false
150,"accidenté",,,,,,,
151,"accidentée",,,,,,,
152,"acclamation",,,,,,,
153,"acclimatation",,,,,,,
154,"acclimatement",,,,,,,
155,"accointance",,,,,,,
156,"accolade",,,,,,,
157,"accolement",,,,,,,
158,"accommodation",,,,,,,
159,"accommodement",,,,,,,
160,"accompagnateur",,,,,,,
161,"accompagnatrice",,,,,,,
162,"accompagnement",,,,,,,
163,"accompli",,,,,,,
164,"accomplissement",,,,,,,
165,"accord",,,,,,,
166,"accordailles",,,,,,,
167,"accordement","#ac:acc:cco:cor:ord:rde:dem:eme:men:ent:nt#","accordement",0,0.8368545376518587,true,true,false
168,"accordéon",,,,,,,
169,"accordéoniste",,,,,,,
170,"accordeur",,,,,,,
171,"accordo","#ac:acc:cco:cor:ord:rdo:do#","accordo",0,0.998902268646893,true,true,false
172,"accostage",,,,,,,
173,"accotement",,,,,,,
174,"accotoir",,,,,,,
175,"accouchée",,,,,,,
176,"accouchement",,,,,,,
177,"accoucheur",,,,,,,
178,"accoudoir",,,,,,,
179,"accouplement",,,,,,,
180,"accoutrement",,,,,,,
181,"accoutumance",,,,,,,
182,"accra",,,,,,,
183,"accréditation",,,,,,,
184,"accrédité",,,,,,,
185,"accréditif",,,,,,,
186,"accrétion",,,,,,,
187,"accro",,,,,,,
188,"accrochage",,,,,,,
189,"accroche-coeur",,,,,,,
190,"accroche",,,,,,,
191,"accroissement",,,,,,,
192,"accroupissement",,,,,,,
193,"accu",,,,,,,
194,"accueil",,,,,,,
195,"acculturation",,,,,,,
196,"accumulateur",,,,,,,
197,"accumulation",,,,,,,
198,"accusateur",,,,,,,
199,"accusatif",,,,,,,
200,"accusation",,,,,,,
201,"accusatrice",,,,,,,
202,"accusée",,,,,,,
203,"ace",,,,,,,
204,"acéphale",,,,,,,
205,"acerbité","#ac:ace:cer:erb:rbi:bit:ité:té#","acerbité",0,0.9980498421357337,true,true,false
206,"acetabulum",,,,,,,
207,"acétate",,,,,,,
208,"acétone",,,,,,,
209,"acétylcholine",,,,,,,
210,"acétylène",,,,,,,
211,"achalandage",,,,,,,
212,"achard",,,,,,,
213,"acharnement",,,,,,,
214,"achat",,,,,,,
215,"ache",,,,,,,
216,"achélème","#ac:ach:ché:hél:élè:lèm:ème:me#","achélème",0,0.9999802963180419,true,true,false
217,"acheminement",,,,,,,
218,"acheteur","#ac:ach:che:het:ete:teu:eur:ur#","acheteur",0,0.8542303747535804,true,true,false
219,"acheteuse",,,,,,,
220,"achèvement",,,,,,,
221,"achillée",,,,,,,
222,"achondroplasie",,,,,,,
223,"achoppement","#ac:ach:cho:hop:opp:ppe:pem:eme:men:ent:nt#","achoppement",0,0.9998895625154741,true,true,false
224,"acide",,,,,,,
225,"acidité",,,,,,,
226,"acidocétose",,,,,,,
227,"acidose",,,,,,,
228,"acier",,,,,,,
229,"aciérie",,,,,,,
230,"acmé",,,,,,,
231,"acné",,,,,,,
232,"acolyte",,,,,,,
233,"acompte",,,,,,,
234,"aconit",,,,,,,
235,"acouphène",,,,,,,
236,"acoustique",,,,,,,
237,"acquéreur",,,,,,,
238,"acquêt",,,,,,,
239,"acquiescement",,,,,,,
240,"acquis","#ac:acq:cqu:qui:uis:is#","acquis",0,0.9557466426702902,true,true,false
241,"acquisition",,,,,,,
242,"acquitté",,,,,,,
243,"acquittement",,,,,,,
244,"acre",,,,,,,
245,"âcreté",,,,,,,
246,"acrimonie",,,,,,,
247,"acrobate",,,,,,,
248,"acrobatie",,,,,,,
249,"acromion",,,,,,,
250,"acronyme",,,,,,,
251,"acrophobie",,,,,,,
252,"acropole",,,,,,,
253,"acrostiche",,,,,,,
254,"acrotère",,,,,,,
255,"acrylique",,,,,,,
256,"acrylonitrile",,,,,,,
257,"acte",,,,,,,
258,"acteur",,,,,,,
259,"actif",,,,,,,
260,"actine",,,,,,,
261,"actinie",,,,,,,
262,"action",,,,,,,
263,"actionnaire",,,,,,,
264,"actionnariat",,,,,,,
265,"actionnement",,,,,,,
266,"actionneur",,,,,,,
267,"activateur",,,,,,,
268,"activation",,,,,,,
269,"activisme",,,,,,,
270,"activité",,,,,,,
271,"actrice",,,,,,,
272,"actuaire",,,,,,,
273,"actualisation",,,,,,,
274,"actualité","#ac:act:ctu:tua:ual:ali:lit:ité:té#","actualité",0,0.9177812283196126,true,true,false
275,"actuation",,,,,,,
276,"acuité",,,,,,,
277,"acumen","#ac:acu:cum:ume:men:en#","acumen",0,0.9995827636348209,true,true,false
278,"acuponcteur",,,,,,,
279,"acuponcture",,,,,,,
280,"ada",,,,,,,
281,"adage",,,,,,,
282,"adagio",,,,,,,
283,"adaptabilité",,,,,,,
284,"adaptateur",,,,,,,
285,"adaptation",,,,,,,
286,"addenda",,,,,,,
287,"addendum",,,,,,,
288,"addiction",,,,,,,
289,"additif",,,,,,,
290,"addition",,,,,,,
291,"adducteur",,,,,,,
292,"adduction","#ad:add:ddu:duc:uct:cti:tio:ion:on#","adduction",0,0.8868503272582293,true,true,false
293,"adénine",,,,,,,
294,"adénocarcinome",,,,,,,
295,"adénome",,,,,,,
296,"adénopathie",,,,,,,
297,"adénosine",,,,,,,
298,"adénovirus",,,,,,,
299,"adent","#ad:ade:den:ent:nt#","adent",0,0.9588487683861032,true,true,false
300,"adepte",,,,,,,
301,"adéquation","#ad:adé:déq:équ:qua:uat:ati:tio:ion:on#","adéquation",0,0.9998399656734308,true,true,false
302,"adhérence",,,,,,,
303,"adhérent",,,,,,,
304,"adhésif",,,,,,,
305,"adhésion",,,,,,,
306,"adieu",,,,,,,
307,"adiposité",,,,,,,
308,"adja",,,,,,,
309,"adjectif",,,,,,,
310,"adjoint","#ad:adj:djo:joi:oin:int:nt#","adjoint",0,0.9372451879799935,true,true,false
310,"adjoint","#ad:adj:djo:joi:oin:int:nts:ts#","adjoints",0,0.786821015299121,false,false,false
311,"adjointe",,,,,,,
312,"adjonction",,,,,,,
313,"adjudant-chef",,,,,,,
314,"adjudant-major",,,,,,,
315,"adjudant",,,,,,,
316,"adjudication",,,,,,,
317,"adjuration",,,,,,,
318,"adjuvant",,,,,,,
319,"administrateur",,,,,,,
320,"administration",,,,,,,
321,"administratrice",,,,,,,
322,"administré",,,,,,,
323,"administrée",,,,,,,
324,"admirateur",,,,,,,
325,"admiration","#ad:adm:dmi:mir:ira:rat:ati:tio:ion:on#","admiration",0,0.856762343458146,true,true,false
326,"admiratrice",,,,,,,
327,"admis",,,,,,,
328,"admissibilité",,,,,,,
329,"admissible","#ad:adm:dmi:mis:iss:ssi:sib:ibl:ble:le#","admissible",0,0.9996327510528576,true,true,false
330,"admission",,,,,,,
331,"admixtion",,,,,,,
332,"admonestation",,,,,,,
333,"admonition",,,,,,,
334,"ado",,,,,,,
335,"adobe",,,,,,,
336,"adolescence",,,,,,,
337,"adolescent",,,,,,,
338,"adolescente",,,,,,,
339,"adon",,,,,,,
340,"adonis",,,,,,,
341,"adoptant",,,,,,,
342,"adoptée","#ad:ado:dop:opt:pté:tée:ée#","adoptée",0,0.9998265308429797,true,true,false
343,"adoption",,,,,,,
344,"adorateur",,,,,,,
345,"adoration",,,,,,,
346,"adoratrice","#ad:ado:dor:ora:rat:ati:tio:ion:on#","adoration",0,0.6535325191038002,true,false,false
347,"ados",,,,,,,
348,"adoubement",,,,,,,
349,"adoucissant",,,,,,,
350,"adoucissement",,,,,,,
351,"adoucisseur",,,,,,,
352,"adp","#ad:adp:dp#","adp",0,0.9999873854548167,true,true,false
353,"adrénaline",,,,,,,
354,"adressage",,,,,,,
355,"adresse","#ad:adr:dre:res:ess:sse:se#","adresse",0,0.9218379012692999,true,true,false
356,"adret",,,,,,,
357,"adulateur","#ad:adu:dul:ula:lat:ate:teu:eur:ur#","adulateur",0,0.7775962912897038,true,true,false
358,"adulation",,,,,,,
359,"adulte",,,,,,,
360,"adultération",,,,,,,
361,"adultère",,,,,,,
362,"adventiste",,,,,,,
363,"adverbe",,,,,,,
364,"adversaire",,,,,,,
365,"adversité",,,,,,,
366,"aède",,,,,,,
367,"aérage",,,,,,,
368,"aérateur",,,,,,,
369,"aération",,,,,,,
370,"aérien",,,,,,,
371,"aéro-club",,,,,,,
372,"aéro",,,,,,,
373,"aérobic",,,,,,,
374,"aérodrome",,,,,,,
375,"aérodynamique",,,,,,,
376,"aérodynamisme",,,,,,,
377,"aérofrein",,,,,,,
378,"aérogare",,,,,,,
379,"aéroglisseur",,,,,,,
380,"aérographe",,,,,,,
381,"aérolithe",,,,,,,
382,"aérologie",,,,,,,
383,"aéromodélisme",,,,,,,
384,"aéronaute",,,,,,,
385,"aéronautique",,,,,,,
386,"aéronavale",,,,,,,
387,"aéronef",,,,,,,
388,"aérophagie",,,,,,,
389,"aéroplane",,,,,,,
390,"aéroport",,,,,,,
391,"aéropostale",,,,,,,
392,"aérosol",,,,,,,
393,"aérospatiale",,,,,,,
394,"aérostat",,,,,,,
395,"aérostier",,,,,,,
396,"aérotrain",,,,,,,
397,"affabilité",,,,,,,
398,"affabulation",,,,,,,
399,"affabulatrice",,,,,,,
400,"affacturage",,,,,,,
401,"affadissement",,,,,,,
402,"affaiblissement",,,,,,,
403,"affaire",,,,,,,
404,"affairé","#af:aff:ffa:fai:air:iré:ré#","affairé",0,0.7950798934860454,true,true,false
405,"affairée",,,,,,,
406,"affairement",,,,,,,
407,"affairisme",,,,,,,
408,"affairiste",,,,,,,
409,"affaissement",,,,,,,
410,"affalement","#af:aff:ffa:fal:ale:lem:eme:men:ent:nt#","affalement",0,0.9997552609874115,true,true,false
411,"affamé",,,,,,,
412,"affamée",,,,,,,
413,"affect",,,,,,,
414,"affectation",,,,,,,
415,"affection",,,,,,,
416,"affectivité",,,,,,,
417,"affermissement",,,,,,,
418,"afféterie",,,,,,,
419,"affichage",,,,,,,
420,"affiche",,,,,,,
421,"affichette",,,,,,,
422,"afficheur",,,,,,,
423,"affichiste",,,,,,,
424,"affidavit",,,,,,,
425,"affidé",,,,,,,
426,"affiliation","#af:aff:ffi:fil:ili:lia:iat:ati:tio:ion:on#","affiliation",0,0.9226860856422593,true,true,false
427,"affilié",,,,,,,
428,"affiliée","#af:aff:ffi:fil:ili:lié:iée:ée#","affiliée",0,0.9043233091847949,true,true,false
429,"affinage",,,,,,,
430,"affinement",,,,,,,
431,"affinité",,,,,,,
432,"affiquet",,,,,,,
433,"affirmation",,,,,,,
434,"affirmative",,,,,,,
435,"affleurement",,,,,,,
436,"affliction",,,,,,,
437,"affluence",,,,,,,
438,"affluent",,,,,,,
439,"afflux",,,,,,,
440,"affolement",,,,,,,
441,"affouage",,,,,,,
442,"affouillement",,,,,,,
443,"affranchi",,,,,,,
444,"affranchie","#af:aff:ffr:fra:ran:anc:nch:chi:hie:ie#","affranchie",0,0.8872221307393879,true,true,false
445,"affranchissement",,,,,,,
446,"affre",,,,,,,
447,"affrètement",,,,,,,
448,"affréteur",,,,,,,
449,"affreux",,,,,,,
450,"affront",,,,,,,
451,"affrontement",,,,,,,
452,"affublement",,,,,,,
453,"affusion",,,,,,,
454,"affût",,,,,,,
455,"affûtage",,,,,,,
456,"affûteur",,,,,,,
457,"afghan",,,,,,,
458,"afghane",,,,,,,
459,"aficionado",,,,,,,
460,"africain",,,,,,,
461,"africanisme",,,,,,,
462,"afrikaans",,,,,,,
463,"afrikaner",,,,,,,
464,"afro-américain",,,,,,,
465,"afro-américaine",,,,,,,
466,"afro-cubain",,,,,,,
467,"after-shave",,,,,,,
468,"aga",,,,,,,
469,"agace",,,,,,,
470,"agacement",,,,,,,
471,"agacerie",,,,,,,
472,"agame",,,,,,,
473,"agami",,,,,,,
474,"agapanthe",,,,,,,
475,"agape",,,,,,,
476,"agar-agar",,,,,,,
477,"agate",,,,,,,
478,"agave",,,,,,,
479,"age",,,,,,,
480,"agence",,,,,,,
481,"agencement",,,,,,,
482,"agenda",,,,,,,
483,"agenouillement",,,,,,,
484,"agent",,,,,,,
485,"agente",,,,,,,
486,"aggiornamento",,,,,,,
487,"agglo",,,,,,,
488,"agglomérat",,,,,,,
489,"agglomération",,,,,,,
490,"aggloméré",,,,,,,
491,"agglutination",,,,,,,
492,"agglutinement",,,,,,,
493,"agglutinogène",,,,,,,
494,"aggravation",,,,,,,
495,"aggrave",,,,,,,
496,"agilité",,,,,,,
497,"agio",,,,,,,
498,"agioteur",,,,,,,
499,"âgisme",,,,,,,
500,"agissement",,,,,,,
501,"agit-prop",,,,,,,
502,"agitateur",,,,,,,
503,"agitation",,,,,,,
504,"agitatrice",,,,,,,
505,"agité",,,,,,,
506,"agitée",,,,,,,
507,"agnat",,,,,,,
508,"agnathe",,,,,,,
509,"agneau",,,,,,,
510,"agnelage","#ag:agn:gne:nel:ela:lag:age:ge#","agnelage",0,0.9230594518137593,true,true,false
511,"agnelet",,,,,,,
512,"agnelle",,,,,,,
513,"agnosie",,,,,,,
514,"agnostique",,,,,,,
515,"agonie",,,,,,,
516,"agonique","#ag:ago:gon:oni:niq:iqu:que:ue#","agonique",0,0.9996245794332155,true,true,false
517,"agonisant",,,,,,,
518,"agora",,,,,,,
519,"agoraphobe","#ag:ago:gor:ora:rap:aph:pho:hob:obe:be#","agoraphobe",0,0.8948635066412933,true,true,false
520,"agoraphobie",,,,,,,
521,"agouti",,,,,,,
522,"agrafage",,,,,,,
523,"agrafe",,,,,,,
524,"agrafeur","#ag:agr:gra:raf:afe:feu:eur:ur#","agrafeur",0,0.6868092752416772,true,true,false
525,"agrafeuse",,,,,,,
526,"agrainage",,,,,,,
527,"agrandissement","#ag:agr:gra:ran:and:ndi:dis:iss:sse:sem:eme:men:ent:nt#","agrandissement",0,0.8368980946330106,true,true,false
528,"agrandisseur",,,,,,,
529,"agranulocytose",,,,,,,
530,"agréable",,,,,,,
531,"agréé","#ag:agr:gré:réé:éé#","agréé",0,0.999973897020108,true,true,false
532,"agrég",,,,,,,
533,"agrégat",,,,,,,
534,"agrégatif",,,,,,,
535,"agrégation","#ag:agr:gré:rég:éga:gat:ati:tio:ion:on#","agrégation",0,0.8449515642025986,true,true,false
535,"agrégation","#ap:app:ppr:pre:ren:ent:nti:tio:ion:on#","apprention",0,0.23507051647673477,false,false,true
536,"agrégative",,,,,,,
537,"agrégé",,,,,,,
538,"agrégée","#ag:agr:gré:rég:égé:gée:ée#","agrégée",0,0.8621776559906531,true,true,false
539,"agrément",,,,,,,
540,"agrès",,,,,,,
541,"agresseur",,,,,,,
542,"agression",,,,,,,
543,"agressivité",,,,,,,
544,"agriculteur",,,,,,,
545,"agricultrice",,,,,,,
546,"agriculture",,,,,,,
547,"agrippement",,,,,,,
548,"agro",,,,,,,
549,"agroalimentaire",,,,,,,
550,"agronome",,,,,,,
551,"agronomie",,,,,,,
552,"agrume",,,,,,,
553,"aguardiente",,,,,,,
554,"aguichage","#ag:agu:gui:uic:ich:cha:hag:age:ge#","aguichage",0,0.8035478708074323,true,true,false
555,"aguiche","#ag:agu:gui:uic:ich:che:he#","aguiche",0,0.8394105231896718,true,true,false
556,"aguicheuse",,,,,,,
557,"ahan",,,,,,,
558,"ahanement",,,,,,,
559,"ahuri",,,,,,,
560,"ahurie","#ah:ahu:hur:uri:rie:ie#","ahurie",0,0.8717126639253933,true,true,false
561,"ahurissement",,,,,,,
562,"aï",,,,,,,
563,"aïd",,,,,,,
564,"aide-bourreau","#ai:aid:ide:de-:e-b:-bo:bou:our:urr:rre:rea:eau:au#","aide-bourreau",0,0.9998162818548687,true,true,false
565,"aide-cuisinier","#ai:aid:ide:de-:e-c:-cu:cui:uis:isi:sin:ini:nie:ier:er#","aide-cuisinier",0,0.997119775873127,true,true,false
566,"aide-jardinier","#ai:aid:ide:de-:e-j:-ja:jar:ard:rdi:din:ini:nie:ier:er#","aide-jardinier",0,0.999965091824985,true,true,false
567,"aide-major",,,,,,,
568,"aide-mémoire",,,,,,,
569,"aide-ménagère",,,,,,,
570,"aide-soignant",,,,,,,
571,"aide-soignante","#ai:aid:ide:de-:e-s:-so:soi:oig:ign:gna:nan:ant:nte:te#","aide-soignante",0,0.8198550166790092,true,true,false
571,"aide-soignante","#ai:aid:ide:de-:e-s:-so:soi:oig:ign:gna:nan:ant:nt#","aide-soignant",0,0.7206900432937456,false,false,false
572,"aide",,,,,,,
573,"aïeul",,,,,,,
574,"aïeule",,,,,,,
575,"aigle",,,,,,,
576,"aiglefin",,,,,,,
577,"aiglon",,,,,,,
578,"aigre",,,,,,,
579,"aigrette",,,,,,,
580,"aigreur",,,,,,,
581,"aigri",,,,,,,
582,"aigrie",,,,,,,
583,"aigu",,,,,,,
584,"aiguade",,,,,,,
585,"aiguail","#ai:aig:igu:gua:uai:ail:il#","aiguail",0,0.9911778602142722,true,true,false
586,"aigue-marine",,,,,,,
587,"aiguière",,,,,,,
588,"aiguillage",,,,,,,
589,"aiguillat",,,,,,,
590,"aiguille",,,,,,,
591,"aiguillée",,,,,,,
592,"aiguillette",,,,,,,
593,"aiguilleur",,,,,,,
594,"aiguillon",,,,,,,
595,"aiguiseur",,,,,,,
596,"aiguisoir",,,,,,,
597,"aïkido",,,,,,,
598,"ail",,,,,,,
599,"aile",,,,,,,
600,"aileron",,,,,,,
601,"ailette",,,,,,,
602,"ailier",,,,,,,
603,"aimant",,,,,,,
604,"aimantation",,,,,,,
605,"aine",,,,,,,
606,"aîné",,,,,,,
607,"aînée",,,,,,,
608,"aînesse",,,,,,,
609,"aïoli",,,,,,,
610,"air",,,,,,,
611,"airain",,,,,,,
612,"airbus",,,,,,,
613,"aire",,,,,,,
614,"airedale",,,,,,,
615,"airelle",,,,,,,
616,"ais",,,,,,,
617,"aisance",,,,,,,
618,"aise",,,,,,,
619,"aisseau",,,,,,,
620,"aisselle",,,,,,,
621,"aître",,,,,,,
622,"aixois",,,,,,,
623,"ajaccienne",,,,,,,
624,"ajax",,,,,,,
625,"ajonc",,,,,,,
626,"ajour",,,,,,,
627,"ajournement",,,,,,,
628,"ajout",,,,,,,
629,"ajustage",,,,,,,
630,"ajustement",,,,,,,
631,"ajusteur",,,,,,,
632,"ajusture","#aj:aju:jus:ust:stu:tur:ure:re#","ajusture",0,0.991545535886095,true,true,false
633,"ajutage",,,,,,,
634,"ako","#ak:ako:ko#","ako",0,0.9999980951407108,true,true,false
635,"akvavit",,,,,,,
636,"alacrité",,,,,,,
637,"alaise",,,,,,,
638,"alambic",,,,,,,
639,"alanguissement",,,,,,,
640,"alarme",,,,,,,
641,"alarmisme",,,,,,,
642,"alarmiste",,,,,,,
643,"alba",,,,,,,
644,"albacore",,,,,,,
645,"albanais",,,,,,,
646,"albâtre",,,,,,,
647,"albatros",,,,,,,
648,"albe",,,,,,,
649,"albertine","#al:alb:lbe:ber:ert:rti:tin:ine:ne#","albertine",0,0.9804893145778142,true,true,false
650,"albigeois",,,,,,,
651,"albinisme",,,,,,,
652,"alboche","#al:alb:lbo:boc:och:che:he#","alboche",0,0.9999410086647965,true,true,false
653,"albugo","#al:alb:lbu:bug:ugo:go#","albugo",0,0.999982134795132,true,true,false
654,"album",,,,,,,
655,"albumine",,,,,,,
656,"alcade",,,,,,,
657,"alcalde",,,,,,,
658,"alcali",,,,,,,
659,"alcalinité",,,,,,,
660,"alcaloïde",,,,,,,
661,"alcalose",,,,,,,
662,"alcatraz",,,,,,,
663,"alcazar",,,,,,,
664,"alcée",,,,,,,
665,"alchimie",,,,,,,
666,"alchimiste",,,,,,,
667,"alcibiade",,,,,,,
668,"alcool",,,,,,,
669,"alcoolémie",,,,,,,
670,"alcoolique",,,,,,,
671,"alcoolisme",,,,,,,
672,"alcoolo",,,,,,,
673,"alcoomètre",,,,,,,
674,"alcootest",,,,,,,
675,"alcoran",,,,,,,
676,"alcôve",,,,,,,
677,"alcyon",,,,,,,
678,"alde",,,,,,,
679,"aldéhyde",,,,,,,
680,"alderman","#al:ald:lde:der:erm:rma:man:an#","alderman",0,0.9393655164078428,true,true,false
681,"aldol",,,,,,,
682,"ale",,,,,,,
683,"aléa",,,,,,,
684,"alène",,,,,,,
685,"alentour",,,,,,,
686,"aleph",,,,,,,
687,"alerte",,,,,,,
688,"alevin",,,,,,,
689,"alexandra",,,,,,,
690,"alexandrin",,,,,,,
691,"alexie",,,,,,,
692,"alexithymie",,,,,,,
693,"alezan",,,,,,,
694,"alfa",,,,,,,
695,"algarade",,,,,,,
696,"algèbre",,,,,,,
697,"algébriste",,,,,,,
698,"algérien",,,,,,,
699,"algérienne",,,,,,,
700,"algie",,,,,,,
701,"algonquin",,,,,,,
702,"algonquine","#al:alg:lgo:gon:onq:nqu:qui:uin:ine:ne#","algonquine",0,0.9287202717187673,true,true,false
703,"algorithme",,,,,,,
704,"algue",,,,,,,
705,"alhambra",,,,,,,
706,"alibi",,,,,,,
707,"alidade",,,,,,,
708,"aliénation",,,,,,,
709,"aliéné",,,,,,,
710,"aliénée",,,,,,,
711,"aliéniste",,,,,,,
712,"alignement",,,,,,,
713,"aligot",,,,,,,
714,"aligoté",,,,,,,
715,"alim",,,,,,,
716,"aliment",,,,,,,
717,"alimentation",,,,,,,
718,"alinéa","#al:ali:lin:iné:néa:éa#","alinéa",0,0.999955516644892,true,true,false
719,"alise",,,,,,,
720,"alisier",,,,,,,
721,"alitement",,,,,,,
722,"alizé",,,,,,,
723,"allaitement",,,,,,,
724,"allant",,,,,,,
725,"allée",,,,,,,
726,"allégation",,,,,,,
727,"allégeance",,,,,,,
728,"allègement",,,,,,,
729,"allégement","#al:all:llé:lég:ége:gem:eme:men:ent:nt#","allégement",0,0.9542171731403847,true,true,false
730,"allégorie",,,,,,,
731,"allégresse",,,,,,,
732,"allegro",,,,,,,
733,"allèle",,,,,,,
734,"alléluia",,,,,,,
735,"allemagne",,,,,,,
736,"allemand",,,,,,,
737,"allemande",,,,,,,
738,"aller-retour",,,,,,,
739,"aller",,,,,,,
740,"allergène",,,,,,,
741,"allergie",,,,,,,
742,"allergologie",,,,,,,
743,"allergologue",,,,,,,
744,"alliage",,,,,,,
745,"alliance",,,,,,,
746,"allié",,,,,,,
747,"alliée",,,,,,,
748,"alligator",,,,,,,
749,"allitération",,,,,,,
750,"allium",,,,,,,
751,"alloc",,,,,,,
752,"allocataire",,,,,,,
753,"allocation","#al:all:llo:loc:oca:cat:ati:tio:ion:on#","allocation",0,0.9530463665779911,true,true,false
754,"allochtone",,,,,,,
755,"allocution",,,,,,,
756,"allogreffe",,,,,,,
757,"allonge",,,,,,,
758,"allongement","#al:all:llo:lon:ong:nge:gem:eme:men:ent:nt#","allongement",0,0.8718519558903047,true,true,false
759,"allopathie",,,,,,,
760,"allumage",,,,,,,
761,"allume-cigare",,,,,,,
762,"allume-feu",,,,,,,
763,"allume-gaz",,,,,,,
764,"allumé",,,,,,,
765,"allumée",,,,,,,
766,"allumette",,,,,,,
767,"allumeur",,,,,,,
768,"allumeuse",,,,,,,
769,"allumoir","#al:all:llu:lum:umo:moi:oir:ir#","allumoir",0,0.9996408431894968,true,true,false
770,"allure",,,,,,,
771,"allusion","#al:all:llu:lus:usi:sio:ion:on#","allusion",0,0.9482524754306874,true,true,false
772,"alluvion",,,,,,,
773,"alma",,,,,,,
774,"almanach",,,,,,,
775,"almée","#al:alm:lmé:mée:ée#","almée",0,0.9999379979720152,true,true,false
776,"almohade",,,,,,,
777,"aloès",,,,,,,
778,"aloi","#al:alo:loi:oi#","aloi",0,0.9277405374065486,true,true,false
779,"alopécie",,,,,,,
780,"alose",,,,,,,
781,"alouette",,,,,,,
782,"alourdissement",,,,,,,
783,"aloyau",,,,,,,
784,"alpaga",,,,,,,
785,"alpage",,,,,,,
786,"alpe",,,,,,,
787,"alpenstock",,,,,,,
788,"alphabet",,,,,,,
789,"alphabétisation",,,,,,,
790,"alpinisme",,,,,,,
791,"alpiniste",,,,,,,
792,"alsacien",,,,,,,
793,"alsacienne",,,,,,,
794,"altération",,,,,,,
795,"altercation",,,,,,,
796,"altérité",,,,,,,
797,"alternance","#al:alt:lte:ter:ern:rna:nan:anc:nce:ce#","alternance",0,0.9766039574486085,true,true,false
798,"alternateur",,,,,,,
799,"alternative",,,,,,,
800,"altesse",,,,,,,
801,"althaea",,,,,,,
802,"altimètre",,,,,,,
803,"altitude","#al:alt:lti:tit:itu:tud:ude:de#","altitude",0,0.9669392163930798,true,true,false
804,"alto",,,,,,,
805,"altruisme",,,,,,,
806,"altruiste",,,,,,,
807,"altuglas",,,,,,,
808,"alu",,,,,,,
809,"aluette",,,,,,,
810,"aluminium",,,,,,,
811,"alun",,,,,,,
812,"alunissage",,,,,,,
813,"alvar","#al:alv:lva:var:ar#","alvar",0,0.9999798920120055,true,true,false
814,"alvéole",,,,,,,
815,"alysse",,,,,,,
816,"amabilité",,,,,,,
817,"amadou",,,,,,,
818,"amaigrissement",,,,,,,
819,"amalgame",,,,,,,
820,"aman",,,,,,,
821,"amande",,,,,,,
822,"amandier",,,,,,,
823,"amandine",,,,,,,
824,"amanite",,,,,,,
825,"amante",,,,,,,
826,"amarante",,,,,,,
827,"amaro",,,,,,,
828,"amarrage",,,,,,,
829,"amarre",,,,,,,
830,"amaryllis",,,,,,,
831,"amas",,,,,,,
832,"amateur",,,,,,,
833,"amateurisme",,,,,,,
834,"amatrice",,,,,,,
835,"amaurose",,,,,,,
836,"amazone",,,,,,,
837,"ambage","#am:amb:mba:bag:age:ge#","ambage",0,0.9994782387617471,true,true,false
838,"ambassade",,,,,,,
839,"ambassadeur",,,,,,,
840,"ambassadrice",,,,,,,
841,"ambiance",,,,,,,
842,"ambidextre",,,,,,,
843,"ambiguïté","#am:amb:mbi:big:igu:guï:uït:ïté:té#","ambiguïté",0,0.9632396151382668,true,true,false
844,"ambitieuse",,,,,,,
845,"ambition",,,,,,,
846,"ambivalence",,,,,,,
847,"amble",,,,,,,
848,"amboine",,,,,,,
849,"ambon",,,,,,,
850,"ambre",,,,,,,
851,"ambroisie",,,,,,,
852,"ambulance",,,,,,,
853,"ambulancier",,,,,,,
854,"ambulancière",,,,,,,
855,"ambulant",,,,,,,
856,"âme-soeur",,,,,,,
857,"âme",,,,,,,
858,"amé",,,,,,,
859,"amélioration",,,,,,,
860,"amen",,,,,,,
861,"aménagement",,,,,,,
862,"amendement","#am:ame:men:end:nde:dem:eme:men:ent:nt#","amendement",0,0.5401941655059401,true,true,false
862,"amendement","#am:ame:men:end:nde:dem:eme:men:ent:nts:ts#","amendements",0,0.37792867893327803,false,false,false
863,"amenée",,,,,,,
864,"aménité",,,,,,,
865,"aménorrhée",,,,,,,
866,"amenuisement",,,,,,,
867,"amer",,,,,,,
868,"américain",,,,,,,
869,"américaine",,,,,,,
870,"américanisation",,,,,,,
871,"américanisme",,,,,,,
872,"américanité",,,,,,,
873,"américano","#am:amé:mér:éri:ric:ica:can:ano:no#","américano",0,0.999835668040971,true,true,false
874,"américium",,,,,,,
875,"amérindien",,,,,,,
876,"amérindienne",,,,,,,
877,"amerloque",,,,,,,
878,"amerrissage",,,,,,,
879,"amertume",,,,,,,
880,"améthyste",,,,,,,
881,"ameublement",,,,,,,
882,"amharique",,,,,,,
883,"ami",,,,,,,
884,"amiante",,,,,,,
885,"amibe",,,,,,,
886,"amicale",,,,,,,
887,"amicalité","#am:ami:mic:ica:cal:ali:lit:ité:té#","amicalité",0,0.7721322563435107,true,true,false
888,"amidon",,,,,,,
889,"amie",,,,,,,
890,"amigo",,,,,,,
891,"amincissant","#am:ami:min:inc:nci:cis:iss:ssa:san:ant:nt#","amincissant",0,0.8615618805352319,true,true,false
892,"amincissement",,,,,,,
893,"amine",,,,,,,
894,"aminoacide",,,,,,,
895,"aminophylline",,,,,,,
896,"amiral",,,,,,,
897,"amirauté",,,,,,,
898,"amitié",,,,,,,
899,"ammoniac",,,,,,,
900,"ammoniaque",,,,,,,
901,"ammonite",,,,,,,
902,"ammonitrate",,,,,,,
903,"ammonium",,,,,,,
904,"amnésie",,,,,,,
905,"amnésique",,,,,,,
906,"amniocentèse",,,,,,,
907,"amnios",,,,,,,
908,"amnistie",,,,,,,
909,"amnistié",,,,,,,
910,"amoindrissement",,,,,,,
911,"amok",,,,,,,
912,"amollissement",,,,,,,
913,"amoncellement",,,,,,,
914,"amont",,,,,,,
915,"amontillado",,,,,,,
916,"amoraliste",,,,,,,
917,"amoralité",,,,,,,
918,"amorçage",,,,,,,
919,"amorce",,,,,,,
920,"amorçoir","#am:amo:mor:orç:rço:çoi:oir:ir#","amorçoir",0,0.9256420227552546,true,true,false
921,"amorti",,,,,,,
922,"amortissement",,,,,,,
923,"amortisseur",,,,,,,
924,"amour-goût","#am:amo:mou:our:ur-:r-g:-go:goû:oût:ût#","amour-goût",0,0.9998716361987813,true,true,false
925,"amour-passion",,,,,,,
926,"amour-propre",,,,,,,
927,"amour",,,,,,,
928,"amourette",,,,,,,
929,"amoureuse",,,,,,,
930,"amoureux",,,,,,,
931,"amours",,,,,,,
932,"ampélopsis",,,,,,,
933,"ampérage",,,,,,,
934,"ampère",,,,,,,
935,"ampèremètre",,,,,,,
936,"amphé",,,,,,,
937,"amphétamine",,,,,,,
938,"amphi","#am:amp:mph:phi:hi#","amphi",0,0.9806886584510041,true,true,false
939,"amphibie",,,,,,,
940,"amphibien",,,,,,,
941,"amphigouri",,,,,,,
942,"amphithéâtre",,,,,,,
943,"amphitrite",,,,,,,
944,"amphitryon",,,,,,,
945,"amphore",,,,,,,
946,"ampleur",,,,,,,
947,"ampli",,,,,,,
948,"amplificateur",,,,,,,
949,"amplification","#am:amp:mpl:pli:lif:ifi:fic:ica:cat:ati:tio:ion:on#","amplification",0,0.9349082506845787,true,true,false
950,"amplitude",,,,,,,
951,"ampoule",,,,,,,
952,"amputation",,,,,,,
953,"amputé",,,,,,,
954,"amulette",,,,,,,
955,"amure",,,,,,,
956,"amuse-bouche",,,,,,,
957,"amuse-gueule",,,,,,,
958,"amusement",,,,,,,
959,"amusette",,,,,,,
960,"amuseur",,,,,,,
961,"amygdale",,,,,,,
962,"amygdalectomie",,,,,,,
963,"amygdalite",,,,,,,
964,"amylase",,,,,,,
965,"amyle",,,,,,,
966,"an",,,,,,,
967,"ana",,,,,,,
968,"anabaptiste",,,,,,,
969,"anabase",,,,,,,
970,"anabolisant",,,,,,,
971,"anachorète",,,,,,,
972,"anachronisme",,,,,,,
973,"anacoluthe","#an:ana:nac:aco:col:olu:lut:uth:the:he#","anacoluthe",0,0.9401330920376741,true,true,false
974,"anaconda",,,,,,,
975,"anaglyphe",,,,,,,
976,"anagramme",,,,,,,
977,"analgésie",,,,,,,
978,"analgésique",,,,,,,
979,"analogie",,,,,,,
980,"analogue",,,,,,,
981,"analphabète",,,,,,,
982,"analphabétisme",,,,,,,
983,"analysant",,,,,,,
984,"analyse",,,,,,,
985,"analysé",,,,,,,
986,"analysée","#an:ana:nal:aly:lys:ysé:sée:ée#","analysée",0,0.862382911470987,true,true,false
987,"analyseur",,,,,,,
988,"analyste",,,,,,,
989,"analytique",,,,,,,
990,"anamnèse",,,,,,,
991,"anamorphose",,,,,,,
992,"ananas",,,,,,,
993,"anaphase",,,,,,,
994,"anaphylaxie",,,,,,,
995,"anar",,,,,,,
996,"anarchie",,,,,,,
997,"anarchisme",,,,,,,
998,"anarchiste","#an:ana:nar:arc:rch:chi:his:ist:ste:te#","anarchiste",0,0.9154420559272264,true,true,false
999,"anarcho-syndicalisme",,,,,,,
1000,"anarcho-syndicaliste",,,,,,,
1001,"anastomose",,,,,,,
1002,"anathème",,,,,,,
1003,"anatidé",,,,,,,
1004,"anatife",,,,,,,
1005,"anatomie",,,,,,,
1006,"anatomiste",,,,,,,
1007,"ancestralité",,,,,,,
1008,"ancêtre",,,,,,,
1009,"anche",,,,,,,
1010,"anchoïade",,,,,,,
1011,"anchois",,,,,,,
1012,"ancien",,,,,,,
1013,"ancienneté",,,,,,,
1014,"ancolie",,,,,,,
1015,"ancrage",,,,,,,
1016,"ancre",,,,,,,
1017,"anda",,,,,,,
1018,"andain",,,,,,,
1019,"andalou",,,,,,,
1020,"andalouse",,,,,,,
1021,"andante",,,,,,,
1022,"andouille",,,,,,,
1023,"andouiller",,,,,,,
1024,"andouillette",,,,,,,
1025,"andrinople",,,,,,,
1026,"androgène",,,,,,,
1027,"androgyne",,,,,,,
1028,"androgynie",,,,,,,
1029,"androïde",,,,,,,
1030,"andropause",,,,,,,
1031,"âne",,,,,,,
1032,"anéantissement",,,,,,,
1033,"anecdote",,,,,,,
1034,"anecdotier",,,,,,,
1035,"anémie",,,,,,,
1036,"anémomètre",,,,,,,
1037,"anémone",,,,,,,
1038,"ânerie","#ân:âne:ner:eri:rie:ie#","ânerie",0,0.9231452708184329,true,true,false
1039,"ânesse",,,,,,,
1040,"anesthésiant",,,,,,,
1041,"anesthésie",,,,,,,
1042,"anesthésique",,,,,,,
1043,"anesthésiste",,,,,,,
1044,"aneth",,,,,,,
1045,"anévrisme",,,,,,,
1046,"anfractuosité",,,,,,,
1047,"ange",,,,,,,
1048,"angéite",,,,,,,
1049,"angélique",,,,,,,
1050,"angélisme",,,,,,,
1051,"angelot",,,,,,,
1052,"angélus",,,,,,,
1053,"angevin",,,,,,,
1054,"angevine",,,,,,,
1055,"angine",,,,,,,
1056,"angiocholite",,,,,,,
1057,"angiographie",,,,,,,
1058,"angiome",,,,,,,
1059,"angioplastie",,,,,,,
1060,"anglais",,,,,,,
1061,"angle",,,,,,,
1062,"anglican",,,,,,,
1063,"anglicane","#an:ang:ngl:gli:lic:ica:can:ane:ne#","anglicane",0,0.9162564976304842,true,true,false
1064,"angliche",,,,,,,
1065,"anglicisation",,,,,,,
1066,"anglicisme",,,,,,,
1067,"anglo-américain",,,,,,,
1068,"anglo-arabe",,,,,,,
1069,"anglo-saxon",,,,,,,
1070,"anglomanie",,,,,,,
1071,"anglophile",,,,,,,
1072,"anglophobe","#an:ang:ngl:glo:lop:oph:pho:hob:obe:be#","anglophobe",0,0.8823725987988047,true,true,false
1073,"anglophobie",,,,,,,
1074,"anglophone",,,,,,,
1075,"angoisse",,,,,,,
1076,"angoissé",,,,,,,
1077,"angoissée",,,,,,,
1078,"angolais",,,,,,,
1079,"angon",,,,,,,
1080,"angor",,,,,,,
1081,"angora",,,,,,,
1082,"angström",,,,,,,
1083,"anguille",,,,,,,
1084,"anguillule",,,,,,,
1085,"anguis",,,,,,,
1086,"angulosité",,,,,,,
1087,"angustura",,,,,,,
1088,"anhélation","#an:anh:nhé:hél:éla:lat:ati:tio:ion:on#","anhélation",0,0.9999884036677155,true,true,false
1089,"anhydride",,,,,,,
1090,"anicroche",,,,,,,
1091,"ânier",,,,,,,
1092,"aniline",,,,,,,
1093,"animal",,,,,,,
1094,"animalcule",,,,,,,
1095,"animalerie",,,,,,,
1096,"animalier",,,,,,,
1097,"animalité",,,,,,,
1098,"animateur",,,,,,,
1099,"animation","#an:ani:nim:ima:mat:ati:tio:ion:on#","animation",0,0.9196792778933225,true,true,false
1100,"animatrice",,,,,,,
1101,"animisme",,,,,,,
1102,"animosité",,,,,,,
1103,"animus",,,,,,,
1104,"anis",,,,,,,
1105,"anisé",,,,,,,
1106,"anisette",,,,,,,
1107,"ankh",,,,,,,
1108,"ankylose",,,,,,,
1109,"annales",,,,,,,
1110,"annamite",,,,,,,
1111,"anneau",,,,,,,
1112,"année-lumière",,,,,,,
1113,"année",,,,,,,
1114,"années-homme",,,,,,,
1115,"annelet",,,,,,,
1116,"annexe",,,,,,,
1117,"annexion",,,,,,,
1118,"annihilation",,,,,,,
1119,"anniv",,,,,,,
1120,"anniversaire","#an:ann:nni:niv:ive:ver:ers:rsa:sai:air:ire:re#","anniversaire",0,0.999753858480195,true,true,false
1121,"annonce",,,,,,,
1122,"annonceur",,,,,,,
1123,"annonceuse",,,,,,,
1124,"annonciateur",,,,,,,
1125,"annonciation",,,,,,,
1126,"annonciatrice",,,,,,,
1127,"annotation",,,,,,,
1128,"annuaire",,,,,,,
1129,"annulaire",,,,,,,
1130,"annulation",,,,,,,
1131,"anoblissement",,,,,,,
1132,"anode",,,,,,,
1133,"anomalie",,,,,,,
1134,"ânon",,,,,,,
1135,"ânonnement",,,,,,,
1136,"anonymat",,,,,,,
1137,"anonyme",,,,,,,
1138,"anonymographe","#an:ano:non:ony:nym:ymo:mog:ogr:gra:rap:aph:phe:he#","anonymographe",0,0.9999511735186716,true,true,false
1139,"anophèle",,,,,,,
1140,"anorak",,,,,,,
1141,"anorexie",,,,,,,
1142,"anorexique",,,,,,,
1143,"anormal",,,,,,,
1144,"anormale",,,,,,,
1145,"anormalité",,,,,,,
1146,"anosmie",,,,,,,
1147,"anoxie",,,,,,,
1148,"anse",,,,,,,
1149,"antagonisme",,,,,,,
1150,"antagoniste",,,,,,,
1151,"antalgique",,,,,,,
1152,"antan",,,,,,,
1153,"ante",,,,,,,
1154,"antécédent",,,,,,,
1155,"antéchrist",,,,,,,
1156,"antenne",,,,,,,
1157,"antépénultième",,,,,,,
1158,"anthologie",,,,,,,
1159,"anthonome",,,,,,,
1160,"anthracène",,,,,,,
1161,"anthracite",,,,,,,
1162,"anthracose",,,,,,,
1163,"anthraquinone",,,,,,,
1164,"anthrax",,,,,,,
1165,"anthropoïde",,,,,,,
1166,"anthropologie",,,,,,,
1167,"anthropologiste",,,,,,,
1168,"anthropologue",,,,,,,
1169,"anthropométrie",,,,,,,
1170,"anthropomorphisme",,,,,,,
1171,"anthropophage",,,,,,,
1172,"anthropophagie",,,,,,,
1173,"anthropopithèque",,,,,,,
1174,"anti-agression",,,,,,,
1175,"anti-allergie",,,,,,,
1176,"anti-apartheid","#an:ant:nti:ti-:i-a:-ap:apa:par:art:rth:the:hei:eid:id#","anti-apartheid",0,0.9998715585759762,true,true,false
1177,"anti-avortement",,,,,,,
1178,"anti-blindage","#an:ant:nti:ti-:i-b:-bl:bli:lin:ind:nda:dag:age:ge#","anti-blindage",0,0.9998717297348461,true,true,false
1179,"anti-braquage","#an:ant:nti:ti-:i-b:-br:bra:raq:aqu:qua:uag:age:ge#","anti-braquage",0,0.999479535081228,true,true,false
1180,"anti-brouillard",,,,,,,
1181,"anti-bruit",,,,,,,
1182,"anti-cellulite",,,,,,,
1183,"anti-chambre",,,,,,,
1184,"anti-char",,,,,,,
1185,"anti-cité","#an:ant:nti:ti-:i-c:-ci:cit:ité:té#","anti-cité",0,0.9985670973982602,true,true,false
1186,"anti-civilisation",,,,,,,
1187,"anti-communisme",,,,,,,
1188,"anti-communiste","#an:ant:nti:ti-:i-c:-co:com:omm:mmu:mun:uni:nis:ism:sme:me#","anti-communisme",0,0.8541275201844216,true,false,false
1189,"anti-conformisme",,,,,,,
1190,"anti-conformiste","#an:ant:nti:ti-:i-c:-co:con:onf:nfo:for:orm:rmi:mis:ist:ste:te#","anti-conformiste",0,0.9195745874558529,true,true,false
1191,"anti-corps",,,,,,,
1192,"anti-corruption",,,,,,,
1193,"anti-criminalité",,,,,,,
1194,"anti-dieu","#an:ant:nti:ti-:i-d:-di:die:ieu:eu#","anti-dieu",0,0.9993520799286416,true,true,false
1195,"anti-discrimination",,,,,,,
1196,"anti-dopage",,,,,,,
1197,"anti-douleur",,,,,,,
1198,"anti-drogue",,,,,,,
1199,"anti-establishment","#an:ant:nti:ti-:i-e:-es:est:sta:tab:abl:bli:lis:ish:shm:hme:men:ent:nt#","anti-establishment",0,0.999946483363489,true,true,false
1200,"anti-évasion","#an:ant:nti:ti-:i-é:-év:éva:vas:asi:sio:ion:on#","anti-évasion",0,0.999991734496376,true,true,false
1201,"anti-explosion",,,,,,,
1202,"anti-féministe","#an:ant:nti:ti-:i-f:-fé:fém:émi:min:ini:nis:ist:ste:te#","anti-féministe",0,0.999977089328974,true,true,false
1203,"anti-femme","#an:ant:nti:ti-:i-f:-fe:fem:emm:mme:me#","anti-femme",0,0.9999751444878897,true,true,false
1204,"anti-gang",,,,,,,
1205,"anti-gel",,,,,,,
1206,"anti-gouvernement",,,,,,,
1207,"anti-gravité",,,,,,,
1208,"anti-immigration",,,,,,,
1209,"anti-inflammatoire",,,,,,,
1210,"anti-insecte","#an:ant:nti:ti-:i-i:-in:ins:nse:sec:ect:cte:te#","anti-insecte",0,0.9999534886225144,true,true,false
1211,"anti-manipulation","#an:ant:nti:ti-:i-m:-ma:man:ani:nip:ipu:pul:ula:lat:ati:tio:ion:on#","anti-manipulation",0,0.9999514164552277,true,true,false
1212,"anti-mariage",,,,,,,
1213,"anti-matière",,,,,,,
1214,"anti-militariste","#an:ant:nti:ti-:i-m:-mi:mil:ili:lit:ita:tar:ari:ris:ist:ste:te#","anti-militariste",0,0.9758904421557357,true,true,false
1215,"anti-missile",,,,,,,
1216,"anti-monde","#an:ant:nti:ti-:i-m:-mo:mon:ond:nde:de#","anti-monde",0,0.9337845147888543,true,true,false
1217,"anti-moustique","#an:ant:nti:ti-:i-m:-mo:mou:ous:ust:sti:tiq:iqu:que:ue#","anti-moustique",0,0.9700140740536252,true,true,false
1218,"anti-nausée",,,,,,,
1219,"anti-nucléaire",,,,,,,
1220,"anti-odeur",,,,,,,
1221,"anti-particule",,,,,,,
1222,"anti-patriote","#an:ant:nti:ti-:i-p:-pa:pat:atr:tri:rio:iot:ote:te#","anti-patriote",0,0.9878226759783663,true,true,false
1223,"anti-piratage",,,,,,,
1224,"anti-poison",,,,,,,
1225,"anti-pollution",,,,,,,
1226,"anti-poux","#an:ant:nti:ti-:i-p:-po:pou:oux:ux#","anti-poux",0,0.9999212714928951,true,true,false
1227,"anti-pub",,,,,,,
1228,"anti-puce","#an:ant:nti:ti-:i-p:-pu:puc:uce:ce#","anti-puce",0,0.9999808609981796,true,true,false
1229,"anti-radiation",,,,,,,
1230,"anti-reflet",,,,,,,
1231,"anti-rejet","#an:ant:nti:ti-:i-r:-re:rej:eje:jet:et#","anti-rejet",0,0.9999804831307164,true,true,false
1232,"anti-religion",,,,,,,
1233,"anti-rhume","#an:ant:nti:ti-:i-r:-rh:rhu:hum:ume:me#","anti-rhume",0,0.9999747958171942,true,true,false
1234,"anti-ride","#an:ant:nti:ti-:i-r:-ri:rid:ide:de#","anti-ride",0,0.9997093731982368,true,true,false
1235,"anti-rouille",,,,,,,
1236,"anti-sémitisme",,,,,,,
1237,"anti-sida","#an:ant:nti:ti-:i-s:-si:sid:ida:da#","anti-sida",0,0.9998298543741216,true,true,false
1238,"anti-société","#an:ant:nti:ti-:i-s:-so:soc:oci:cié:iét:été:té#","anti-société",0,0.9996802065294927,true,true,false
1239,"anti-somnolence","#an:ant:nti:ti-:i-s:-so:som:omn:mno:nol:ole:len:enc:nce:ce#","anti-somnolence",0,0.9999621916030165,true,true,false
1240,"anti-stress",,,,,,,
1241,"anti-tache","#an:ant:nti:ti-:i-t:-ta:tac:ach:che:he#","anti-tache",0,0.9999579860591877,true,true,false
1242,"anti-terrorisme",,,,,,,
1243,"anti-venin",,,,,,,
1244,"anti-vieillissement",,,,,,,
1245,"anti-violence",,,,,,,
1246,"anti-virus",,,,,,,
1247,"anti-vol",,,,,,,
1248,"antiaméricanisme",,,,,,,
1249,"antibiotique",,,,,,,
1250,"antibois",,,,,,,
1251,"antibolchevisme",,,,,,,
1252,"antichristianisme",,,,,,,
1253,"anticipation",,,,,,,
1254,"anticléricalisme",,,,,,,
1255,"anticoagulant",,,,,,,
1256,"anticolonialisme",,,,,,,
1257,"anticyclone",,,,,,,
1258,"antidémarrage",,,,,,,
1259,"antidépresseur",,,,,,,
1260,"antidérapant",,,,,,,
1261,"antidote",,,,,,,
1262,"antidreyfusard",,,,,,,
1263,"antidreyfusisme",,,,,,,
1264,"antiémétique",,,,,,,
1265,"antienne",,,,,,,
1266,"antiesclavagiste",,,,,,,
1267,"antifading","#an:ant:nti:tif:ifa:fad:adi:din:ing:ng#","antifading",0,0.9997826773474824,true,true,false
1268,"antifascisme",,,,,,,
1269,"antifasciste",,,,,,,
1270,"antiféminisme",,,,,,,
1271,"antifongique","#an:ant:nti:tif:ifo:fon:ong:ngi:giq:iqu:que:ue#","antifongique",0,0.9295106053272737,true,true,false
1272,"antigang",,,,,,,
1273,"antigène",,,,,,,
1274,"antigermanisme",,,,,,,
1275,"antigravitation",,,,,,,
1276,"antigrippe",,,,,,,
1277,"antihéros",,,,,,,
1278,"antihistaminique",,,,,,,
1279,"antillais",,,,,,,
1280,"antillaise",,,,,,,
1281,"antilope",,,,,,,
1282,"antimilitarisme",,,,,,,
1283,"antimite",,,,,,,
1284,"antimitotique","#an:ant:nti:tim:imi:mit:ito:tot:oti:tiq:iqu:que:ue#","antimitotique",0,0.9996464109065185,true,true,false
1285,"antimoine",,,,,,,
1286,"antinazi",,,,,,,
1287,"antinomie",,,,,,,
1288,"antioxydant",,,,,,,
1289,"antipape",,,,,,,
1290,"antiparasite",,,,,,,
1291,"antipathie",,,,,,,
1292,"antiphonaire",,,,,,,
1293,"antiphrase",,,,,,,
1294,"antipode",,,,,,,
1295,"antipodiste",,,,,,,
1296,"antiprotéase",,,,,,,
1297,"antiproton",,,,,,,
1298,"antipsychiatrie",,,,,,,
1299,"antipsychotique",,,,,,,
1300,"antiquaille",,,,,,,
1301,"antiquaillerie",,,,,,,
1302,"antiquaire",,,,,,,
1303,"antiquark",,,,,,,
1304,"antique",,,,,,,
1305,"antiquité",,,,,,,
1306,"antiracisme",,,,,,,
1307,"antirouille",,,,,,,
1308,"antisèche",,,,,,,
1309,"antisémite",,,,,,,
1310,"antisepsie",,,,,,,
1311,"antiseptique",,,,,,,
1312,"antisérum",,,,,,,
1313,"antisocial",,,,,,,
1314,"antisoviétisme",,,,,,,
1315,"antispasmodique",,,,,,,
1316,"antistalinien","#an:ant:nti:tis:ist:sta:tal:ali:lin:ini:nie:ien:en#","antistalinien",0,0.9656696521783725,true,true,false
1317,"antithèse",,,,,,,
1318,"antitout","#an:ant:nti:tit:ito:tou:out:ut#","antitout",0,0.9990167444961028,true,true,false
1319,"antitoxine",,,,,,,
1320,"antituberculeux",,,,,,,
1321,"antiviral",,,,,,,
1322,"antonomase",,,,,,,
1323,"antonyme",,,,,,,
1324,"antre",,,,,,,
1325,"anus",,,,,,,
1326,"anuscopie",,,,,,,
1327,"anxiété",,,,,,,
1328,"anxieux",,,,,,,
1329,"anxiolytique",,,,,,,
1330,"anya",,,,,,,
1331,"aoriste",,,,,,,
1332,"aorte",,,,,,,
1333,"aoul",,,,,,,
1334,"août","#ao:aoû:oût:ût#","août",0,0.8899235425001424,true,true,false
1335,"aoûtat",,,,,,,
1336,"aoûtien","#ao:aoû:oût:ûti:tie:ien:en#","aoûtien",0,0.9999046904004221,true,true,false
1337,"apache",,,,,,,
1338,"apaisement",,,,,,,
1339,"apanage","#ap:apa:pan:ana:nag:age:ge#","apanage",0,0.8589534955306444,true,true,false
1340,"aparté",,,,,,,
1341,"apartheid",,,,,,,
1342,"apathie",,,,,,,
1343,"apatride",,,,,,,
1344,"apax",,,,,,,
1345,"ape",,,,,,,
1346,"aperception",,,,,,,
1347,"aperçu","#ap:ape:per:erç:rçu:çu#","aperçu",0,0.9999706129640625,true,true,false
1348,"apéritif",,,,,,,
1349,"apéro",,,,,,,
1350,"apesanteur",,,,,,,
1351,"apex",,,,,,,
1352,"aphasie",,,,,,,
1353,"aphérèse",,,,,,,
1354,"aphonie",,,,,,,
1355,"aphorisme",,,,,,,
1356,"aphrodisiaque",,,,,,,
1357,"aphrodite",,,,,,,
1358,"aphte",,,,,,,
1359,"api",,,,,,,
1360,"apiculteur",,,,,,,
1361,"apicultrice",,,,,,,
1362,"apiculture",,,,,,,
1363,"apion",,,,,,,
1364,"apis",,,,,,,
1365,"apitoiement",,,,,,,
1366,"aplanissement",,,,,,,
1367,"aplasie",,,,,,,
1368,"aplatissement",,,,,,,
1369,"aplomb",,,,,,,
1370,"apnée",,,,,,,
1371,"apocalypse",,,,,,,
1372,"apocope",,,,,,,
1373,"apocryphe",,,,,,,
1374,"apogée",,,,,,,
1375,"apolitique",,,,,,,
1376,"apolitisme",,,,,,,
1377,"apollon",,,,,,,
1378,"apologétique",,,,,,,
1379,"apologie",,,,,,,
1380,"apologiste",,,,,,,
1381,"apologue",,,,,,,
1382,"aponévrose",,,,,,,
1383,"apophtegme",,,,,,,
1384,"apoplectique",,,,,,,
1385,"apoplexie",,,,,,,
1386,"apoptose",,,,,,,
1387,"apostasie","#ap:apo:pos:ost:sta:tat:ati:tio:ion:on#","apostation",0,0.8556612188578364,true,false,true
1388,"apostat",,,,,,,
1389,"apostate",,,,,,,
1390,"apostolat",,,,,,,
1391,"apostrophe",,,,,,,
1392,"apostume","#ap:apo:pos:ost:stu:tum:ume:me#","apostume",0,0.8787826611657654,true,true,false
1392,"apostume","#ap:apo:pos:ost:stu:tum:ume:mes:es#","apostumes",0,0.7945130427536806,false,false,false
1393,"apothéose",,,,,,,
1394,"apothicaire",,,,,,,
1395,"apothicairerie",,,,,,,
1396,"apôtre",,,,,,,
1397,"apparat",,,,,,,
1398,"apparatchik",,,,,,,
1399,"apparaux",,,,,,,
1400,"appareil-photo",,,,,,,
1401,"appareil",,,,,,,
1402,"appareillage",,,,,,,
1403,"apparence",,,,,,,
1404,"apparentement",,,,,,,
1405,"appariteur",,,,,,,
1406,"apparition",,,,,,,
1407,"appart",,,,,,,
1408,"appartement","#ap:app:ppa:par:art:rte:tem:eme:men:ent:nt#","appartement",0,0.9290674540658828,true,true,false
1408,"appartement","#ap:app:ppa:par:art:rte:tem:eme:men:ent:nts:ts#","appartements",0,0.7272096557208803,false,false,false
1409,"appartenance",,,,,,,
1410,"appât",,,,,,,
1411,"appauvrissement",,,,,,,
1412,"appeau",,,,,,,
1413,"appel",,,,,,,
1414,"appelant","#ap:app:ppe:pel:ela:lan:ant:nt#","appelant",0,0.881571135335415,true,true,false
1415,"appeleur",,,,,,,
1416,"appellation",,,,,,,
1417,"appendice",,,,,,,
1418,"appendicectomie",,,,,,,
1419,"appendicite",,,,,,,
1420,"appentis",,,,,,,
1421,"appesantissement",,,,,,,
1422,"appétence",,,,,,,
1423,"appétit",,,,,,,
1424,"applaudimètre",,,,,,,
1425,"applaudissement",,,,,,,
1426,"applaudisseur",,,,,,,
1427,"applicabilité",,,,,,,
1428,"applicateur",,,,,,,
1429,"application","#ap:app:ppl:pli:lic:ica:cat:ati:tio:ion:on#","application",0,0.8135230320889618,true,true,false
1430,"applique",,,,,,,
1431,"appoggiature",,,,,,,
1432,"appoint",,,,,,,
1433,"appointement",,,,,,,
1434,"appontage",,,,,,,
1435,"appontement",,,,,,,
1436,"apport",,,,,,,
1437,"apposition",,,,,,,
1438,"appréciateur",,,,,,,
1439,"appréciation",,,,,,,
1440,"appréhension",,,,,,,
1441,"apprenant","#ap:app:ppr:pre:ren:ena:nan:ant:nt#","apprenant",0,0.9256214291017217,true,true,false
1442,"apprenti-pilote",,,,,,,
1443,"apprenti-sorcier",,,,,,,
1444,"apprenti",,,,,,,
1445,"apprentie",,,,,,,
1446,"apprentissage",,,,,,,
1447,"apprêt",,,,,,,
1448,"approbation",,,,,,,
1449,"approche",,,,,,,
1450,"approfondissement",,,,,,,
1451,"appropriation",,,,,,,
1452,"approvisionnement",,,,,,,
1453,"approximation",,,,,,,
1454,"appui-main","#ap:app:ppu:pui:ui-:i-m:-ma:mai:ain:in#","appui-main",0,0.9995240836147766,true,true,false
1455,"appui-tête",,,,,,,
1456,"appui","#ap:app:ppu:pui:ui#","appui",0,0.9999017541545757,true,true,false
1457,"aprème","#ap:apr:prè:rèm:ème:me#","aprème",0,0.9999607508777961,true,true,false
1458,"après-coup",,,,,,,
1459,"après-guerre",,,,,,,
1460,"après-mort",,,,,,,
1461,"après-rasage",,,,,,,
1462,"après-repas","#ap:apr:prè:rès:ès-:s-r:-re:rep:epa:pas:as#","après-repas",0,0.999853452876213,true,true,false
1463,"après-shampoing",,,,,,,
1464,"après-ski",,,,,,,
1465,"âpreté",,,,,,,
1466,"aptitude","#ap:apt:pti:tit:itu:tud:ude:de#","aptitude",0,0.9492374649526734,true,true,false
1467,"aquaculture",,,,,,,
1468,"aquagym",,,,,,,
1469,"aquaplane","#aq:aqu:qua:uap:apl:pla:lan:ane:ne#","aquaplane",0,0.9997190764025641,true,true,false
1470,"aquarelle",,,,,,,
1471,"aquarelliste",,,,,,,
1472,"aquariophilie",,,,,,,
1473,"aquarium",,,,,,,
1474,"aquatinte",,,,,,,
1475,"aquavit",,,,,,,
1476,"aqueduc",,,,,,,
1477,"aquilon",,,,,,,
1478,"ara",,,,,,,
1479,"arabe",,,,,,,
1480,"arabesque",,,,,,,
1481,"arabica",,,,,,,
1482,"arabisant",,,,,,,
1483,"arac","#ar:ara:rac:ac#","arac",0,0.9592554241309671,true,true,false
1484,"arachide",,,,,,,
1485,"arachnide",,,,,,,
1486,"arachnoïde",,,,,,,
1487,"aragonais",,,,,,,
1488,"aragonite",,,,,,,
1489,"araigne",,,,,,,
1490,"araignée-crabe",,,,,,,
1491,"araignée",,,,,,,
1492,"araire",,,,,,,
1493,"araldite",,,,,,,
1494,"aralia",,,,,,,
1495,"araméen",,,,,,,
1496,"aramon",,,,,,,
1497,"arapède",,,,,,,
1498,"araucan","#ar:ara:rau:auc:uca:can:an#","araucan",0,0.8175710753324044,true,true,false
1499,"araucaria",,,,,,,
1500,"arbalète",,,,,,,
1501,"arbalétrier",,,,,,,
1502,"arbi",,,,,,,
1503,"arbitrage",,,,,,,
1504,"arbitraire",,,,,,,
1505,"arbitre",,,,,,,
1506,"arbois",,,,,,,
1507,"arborescence",,,,,,,
1508,"arboretum",,,,,,,
1509,"arboriculteur",,,,,,,
1510,"arboriculture",,,,,,,
1511,"arborisation",,,,,,,
1512,"arbouse",,,,,,,
1513,"arbousier",,,,,,,
1514,"arbre",,,,,,,
1515,"arbrisseau",,,,,,,
1516,"arbuste",,,,,,,
1517,"arc-boutant",,,,,,,
1518,"arc-boutement",,,,,,,
1519,"arc-en-ciel",,,,,,,
1520,"arc",,,,,,,
1521,"arcade",,,,,,,
1522,"arcadien",,,,,,,
1523,"arcan",,,,,,,
1524,"arcane",,,,,,,
1525,"arcature",,,,,,,
1526,"arceau",,,,,,,
1527,"archaïsant","#ar:arc:rch:cha:haï:aïs:ïsa:san:ant:nt#","archaïsant",0,0.7508001475763447,true,true,false
1528,"archaïsme",,,,,,,
1529,"archange",,,,,,,
1530,"arche",,,,,,,
1531,"archéologie",,,,,,,
1532,"archéologue",,,,,,,
1533,"archéoptéryx",,,,,,,
1534,"archer",,,,,,,
1535,"archère",,,,,,,
1536,"archet",,,,,,,
1537,"archétype",,,,,,,
1538,"archevêché",,,,,,,
1539,"archevêque",,,,,,,
1540,"archi-nul","#ar:arc:rch:chi:hi-:i-n:-nu:nul:ul#","archi-nul",0,0.9998831644784408,true,true,false
1541,"archi-plein",,,,,,,
1542,"archi",,,,,,,
1543,"archiatre","#ar:arc:rch:chi:hia:iat:atr:tre:re#","archiatre",0,0.9990291648768692,true,true,false
1544,"archidiacre",,,,,,,
1545,"archidiocèse",,,,,,,
1546,"archiduc",,,,,,,
1547,"archiduchesse",,,,,,,
1548,"archimandrite",,,,,,,
1549,"archipel",,,,,,,
1550,"archiprêtre",,,,,,,
1551,"architecte","#ar:arc:rch:chi:hit:ite:tec:ect:cte:te#","architecte",0,0.9403908427667742,true,true,false
1552,"architectonie",,,,,,,
1553,"architecture",,,,,,,
1554,"architrave",,,,,,,
1555,"archivage","#ar:arc:rch:chi:hiv:iva:vag:age:ge#","archivage",0,0.8990131343833684,true,true,false
1556,"archive",,,,,,,
1557,"archiviste-paléographe","#ar:arc:rch:chi:hiv:ivi:vis:ist:ste:te#","archiviste",0,0.5398507376592308,true,false,false
1558,"archiviste","#ar:arc:rch:chi:hiv:ivi:vis:ist:ste:te#","archiviste",0,0.8863984198322397,true,true,false
1559,"archivolte",,,,,,,
1560,"archonte",,,,,,,
1561,"arçon",,,,,,,
1562,"ardéchois",,,,,,,
1563,"ardennais",,,,,,,
1564,"ardennaise",,,,,,,
1565,"ardent",,,,,,,
1566,"ardeur",,,,,,,
1567,"ardillon","#ar:ard:rdi:dil:ill:llo:lon:on#","ardillon",0,0.9328887148245418,true,true,false
1568,"ardin","#ar:ard:rdi:din:in#","ardin",0,0.9731833282659045,true,true,false
1569,"ardoise",,,,,,,
1570,"ardoisière",,,,,,,
1571,"are",,,,,,,
1572,"area",,,,,,,
1573,"arec",,,,,,,
1574,"aréflexie",,,,,,,
1575,"aréna",,,,,,,
1576,"arène",,,,,,,
1577,"aréole",,,,,,,
1578,"aréopage",,,,,,,
1579,"aréopagite",,,,,,,
1580,"aréquier",,,,,,,
1581,"arête",,,,,,,
1582,"argan",,,,,,,
1583,"arganier",,,,,,,
1584,"argent",,,,,,,
1585,"argenterie",,,,,,,
1586,"argentier",,,,,,,
1587,"argentin",,,,,,,
1588,"argentine",,,,,,,
1589,"argenton",,,,,,,
1590,"argile",,,,,,,
1591,"argilière",,,,,,,
1592,"argol","#ar:arg:rgo:gol:ol#","argol",0,0.9406703018826368,true,true,false
1593,"argon",,,,,,,
1594,"argonaute",,,,,,,
1595,"argot",,,,,,,
1596,"argousin",,,,,,,
1597,"argument","#ar:arg:rgu:gum:ume:men:ent:nt#","argument",0,0.8763591161122473,true,true,false
1598,"argumentaire",,,,,,,
1599,"argumentateur",,,,,,,
1600,"argumentation","#ar:arg:rgu:gum:ume:men:ent:nta:tat:ati:tio:ion:on#","argumentation",0,0.9026949989850348,true,true,false
1601,"argus",,,,,,,
1602,"argutie",,,,,,,
1603,"aria",,,,,,,
1604,"arianisme",,,,,,,
1605,"aridité",,,,,,,
1606,"ariégeois",,,,,,,
1607,"arien",,,,,,,
1608,"ariette",,,,,,,
1609,"arioso",,,,,,,
1610,"aristarque",,,,,,,
1611,"aristo",,,,,,,
1612,"aristocrate",,,,,,,
1613,"aristocratie",,,,,,,
1614,"aristocratisme",,,,,,,
1615,"aristoloche",,,,,,,
1616,"arithmétique",,,,,,,
1617,"arithmomètre","#ar:ari:rit:ith:thm:hmo:mom:omè:mèt:ètr:tre:re#","arithmomètre",0,0.8827245318467951,true,true,false
1618,"arkose",,,,,,,
1619,"arlequin",,,,,,,
1620,"arlésien",,,,,,,
1621,"arlésienne",,,,,,,
1622,"armada",,,,,,,
1623,"armagnac",,,,,,,
1624,"armateur",,,,,,,
1625,"armature",,,,,,,
1626,"arme",,,,,,,
1627,"armée",,,,,,,
1628,"armement",,,,,,,
1629,"arménien",,,,,,,
1630,"arménienne",,,,,,,
1631,"arméria",,,,,,,
1632,"armistice",,,,,,,
1633,"armoire",,,,,,,
1634,"armoirie",,,,,,,
1635,"armoise",,,,,,,
1636,"armorial",,,,,,,
1637,"armure",,,,,,,
1638,"armurerie",,,,,,,
1639,"armurier",,,,,,,
1640,"arnaque",,,,,,,
1641,"arnaqueur","#ar:arn:rna:naq:aqu:que:ueu:eur:ur#","arnaqueur",0,0.8912977474302242,true,true,false
1642,"arnaqueuse",,,,,,,
1643,"arnica",,,,,,,
1644,"arobase",,,,,,,
1645,"aromate",,,,,,,
1646,"aromathérapie",,,,,,,
1647,"aromatique",,,,,,,
1648,"arôme",,,,,,,
1649,"aronde",,,,,,,
1650,"arpège",,,,,,,
1651,"arpent",,,,,,,
1652,"arpentage","#ar:arp:rpe:pen:ent:nta:tag:age:ge#","arpentage",0,0.9198883178302751,true,true,false
1653,"arpenteur",,,,,,,
1654,"arpète",,,,,,,
1655,"arpion",,,,,,,
1656,"arquebusade",,,,,,,
1657,"arquebuse",,,,,,,
1658,"arquebusier",,,,,,,
1659,"arrachage",,,,,,,
1660,"arrache-clou",,,,,,,
1661,"arraché",,,,,,,
1662,"arrachement",,,,,,,
1663,"arracheur","#ar:arr:rra:rac:ach:che:heu:eur:ur#","arracheur",0,0.7986106696609285,true,true,false
1664,"arracheuse",,,,,,,
1665,"arrangement",,,,,,,
1666,"arrangeur","#ar:arr:rra:ran:ang:nge:geu:eur:ur#","arrangeur",0,0.9541223269796713,true,true,false
1667,"arrérage",,,,,,,
1668,"arrestation",,,,,,,
1669,"arrêt-buffet","#ar:arr:rrê:rêt:êt-:t-b:-bu:buf:uff:ffe:fet:et#","arrêt-buffet",0,0.9999952994350435,true,true,false
1670,"arrêt",,,,,,,
1671,"arrêté",,,,,,,
1672,"arrhe",,,,,,,
1673,"arriération",,,,,,,
1674,"arrière-automne","#ar:arr:rri:riè:ièr:ère:re-:e-a:-au:aut:uto:tom:omn:mne:ne#","arrière-automne",0,0.9999787864634575,true,true,false
1675,"arrière-ban",,,,,,,
1676,"arrière-boutique",,,,,,,
1677,"arrière-cour",,,,,,,
1678,"arrière-cousin",,,,,,,
1679,"arrière-cuisine",,,,,,,
1680,"arrière-fond",,,,,,,
1681,"arrière-garde",,,,,,,
1682,"arrière-gorge",,,,,,,
1683,"arrière-goût",,,,,,,
1684,"arrière-grand-mère",,,,,,,
1685,"arrière-grand-oncle",,,,,,,
1686,"arrière-grand-père",,,,,,,
1687,"arrière-grand-tante","#ar:arr:rri:riè:ièr:ère:re-:e-g:-gr:gra:ran:and:nd-:d-t:-ta:tan:ant:nte:te#","arrière-grand-tante",0,0.9999504883037449,true,true,false
1688,"arrière-main",,,,,,,
1689,"arrière-monde",,,,,,,
1690,"arrière-neveu","#ar:arr:rri:riè:ièr:ère:re-:e-n:-ne:nev:eve:veu:eu#","arrière-neveu",0,0.9999421538340939,true,true,false
1691,"arrière-pays",,,,,,,
1692,"arrière-pensée",,,,,,,
1693,"arrière-petit-enfant",,,,,,,
1694,"arrière-petit-fils",,,,,,,
1695,"arrière-petit-neveu",,,,,,,
1696,"arrière-petite-fille",,,,,,,
1697,"arrière-petite-nièce",,,,,,,
1698,"arrière-plan",,,,,,,
1699,"arrière-saison",,,,,,,
1700,"arrière-salle",,,,,,,
1701,"arrière-train",,,,,,,
1702,"arriéré",,,,,,,
1703,"arrière",,,,,,,
1704,"arriérée",,,,,,,
1705,"arrimage",,,,,,,
1706,"arrivage",,,,,,,
1707,"arrivant","#ar:arr:rri:riv:iva:van:ant:nt#","arrivant",0,0.7639785807671631,true,true,false
1708,"arrivante",,,,,,,
1709,"arrivée",,,,,,,
1710,"arrivisme",,,,,,,
1711,"arriviste",,,,,,,
1712,"arrogance",,,,,,,
1713,"arrogant",,,,,,,
1714,"arrogante",,,,,,,
1715,"arroi",,,,,,,
1716,"arrondi",,,,,,,
1717,"arrondissement",,,,,,,
1718,"arrosage",,,,,,,
1719,"arroseur",,,,,,,
1720,"arroseuse","#ar:arr:rro:ros:ose:seu:eus:use:se#","arroseuse",0,0.9201327161164534,true,true,false
1721,"arrosoir",,,,,,,
1722,"arsacide","#ar:ars:rsa:sac:aci:cid:ide:de#","arsacide",0,0.9985965602274054,true,true,false
1723,"arsenal",,,,,,,
1724,"arsenic",,,,,,,
1725,"arsouille",,,,,,,
1726,"artefact",,,,,,,
1727,"artère",,,,,,,
1728,"artériographie",,,,,,,
1729,"artériole",,,,,,,
1730,"artériopathie",,,,,,,
1731,"artériosclérose",,,,,,,
1732,"artérite",,,,,,,
1733,"arthrite",,,,,,,
1734,"arthrodèse",,,,,,,
1735,"arthropathie",,,,,,,
1736,"arthroplastie",,,,,,,
1737,"arthropode",,,,,,,
1738,"arthroscopie",,,,,,,
1739,"arthrose",,,,,,,
1740,"artichaut",,,,,,,
1741,"artiche",,,,,,,
1742,"article-choc","#ar:art:rti:tic:icl:cle:le-:e-c:-ch:cho:hoc:oc#","article-choc",0,0.9998906677550481,true,true,false
1742,"article-choc","#an:ant:nti:tic:icl:cle:le-:e-c:-ch:cho:hoc:oc#","anticle-choc",0,0.8257789751686901,false,false,true
1743,"article",,,,,,,
1744,"articulation",,,,,,,
1745,"articulé","#an:ant:nti:tic:icu:cul:ulé:lé#","anticulé",0,0.7852875752211992,true,false,true
1746,"articulet",,,,,,,
1747,"artifice",,,,,,,
1748,"artificialité",,,,,,,
1749,"artificier",,,,,,,
1750,"artillerie",,,,,,,
1751,"artilleur",,,,,,,
1752,"artimon",,,,,,,
1753,"artisan",,,,,,,
1754,"artisanat",,,,,,,
1755,"artisane",,,,,,,
1756,"artison",,,,,,,
1757,"artiste-peintre",,,,,,,
1758,"artiste",,,,,,,
1759,"arum",,,,,,,
1760,"aruspice",,,,,,,
1761,"arverne",,,,,,,
1762,"aryenne",,,,,,,
1763,"arythmie",,,,,,,
1764,"as","#as:as#","as",0,0.9281503392089349,true,true,false
1765,"asa",,,,,,,
1766,"asana",,,,,,,
1767,"asbeste",,,,,,,
1768,"asbestose",,,,,,,
1769,"ascaris",,,,,,,
1770,"ascendance",,,,,,,
1771,"ascendant",,,,,,,
1772,"ascenseur","#as:asc:sce:cen:ens:nse:seu:eur:ur#","ascenseur",0,0.9181998449424966,true,true,false
1773,"ascension",,,,,,,
1774,"ascèse",,,,,,,
1775,"ascète",,,,,,,
1776,"ascétisme",,,,,,,
1777,"ascite",,,,,,,
1778,"asclépias","#as:asc:scl:clé:lép:épi:pia:ias:as#","asclépias",0,0.9999663083337771,true,true,false
1779,"ascot",,,,,,,
1780,"asdic",,,,,,,
1781,"ase",,,,,,,
1782,"asepsie",,,,,,,
1783,"aseptisation",,,,,,,
1784,"asexualité",,,,,,,
1785,"ashanti","#as:ash:sha:han:ant:nti:ti#","ashanti",0,0.9997606806507159,true,true,false
1786,"ashkénaze",,,,,,,
1787,"ashram",,,,,,,
1788,"asiate",,,,,,,
1789,"asile",,,,,,,
1790,"asociabilité",,,,,,,
1791,"asocial",,,,,,,
1792,"asociale",,,,,,,
1793,"asparagus",,,,,,,
1794,"aspartam",,,,,,,
1795,"aspect",,,,,,,
1796,"asperge",,,,,,,
1797,"aspergillose",,,,,,,
1798,"aspergillus",,,,,,,
1799,"aspérité",,,,,,,
1800,"aspersion",,,,,,,
1801,"asphalte",,,,,,,
1802,"asphodèle",,,,,,,
1803,"asphyxie",,,,,,,
1804,"aspi",,,,,,,
1805,"aspic",,,,,,,
1806,"aspidistra",,,,,,,
1807,"aspirant",,,,,,,
1808,"aspirante","#as:asp:spi:pir:ira:ran:ant:nte:te#","aspirante",0,0.8564339332953547,true,true,false
1809,"aspirateur-traîneau","#as:asp:spi:pir:ira:rat:ate:teu:eur:ur-:r-t:-tr:tra:raî:aîn:îne:nea:eau:au#","aspirateur-traîneau",0,0.9999589812409693,true,true,false
1810,"aspirateur",,,,,,,
1811,"aspiration","#as:asp:spi:pir:ira:rat:ati:tio:ion:on#","aspiration",0,0.8760758751047859,true,true,false
1812,"aspirine",,,,,,,
1813,"aspre",,,,,,,
1814,"assa-foetida",,,,,,,
1815,"assaillant",,,,,,,
1816,"assainissement","#ad:add:ddu:duc:uct:cti:tio:ion:on#","adduction",0,0.6643111712910407,true,false,false
1817,"assaisonnement",,,,,,,
1818,"assassin",,,,,,,
1819,"assassinat",,,,,,,
1820,"assaut",,,,,,,
1821,"asse",,,,,,,
1822,"assèchement",,,,,,,
1823,"assemblage",,,,,,,
1824,"assemblée","#as:ass:sse:sem:emb:mbl:blé:lée:ée#","assemblée",0,0.9489918589414833,true,true,false
1825,"assembleur",,,,,,,
1826,"assentiment",,,,,,,
1827,"assertion",,,,,,,
1828,"asservissement",,,,,,,
1829,"assesseur","#as:ass:sse:ses:ess:sse:seu:eur:ur#","assesseur",0,0.44792318576294343,true,true,false
1830,"assiduité",,,,,,,
1831,"assiégé",,,,,,,
1832,"assiégeant",,,,,,,
1833,"assiette",,,,,,,
1834,"assiettée",,,,,,,
1835,"assignat",,,,,,,
1836,"assignation",,,,,,,
1837,"assignement",,,,,,,
1838,"assimilation",,,,,,,
1839,"assimilé","#as:ass:ssi:sim:imi:mil:ilé:lé#","assimilé",0,0.9997342146721424,true,true,false
1840,"assimilée","#as:ass:ssi:sim:imi:mil:ilé:lée:ée#","assimilée",0,0.9994195221442641,true,true,false
1841,"assise",,,,,,,
1842,"à-côté",,,,,,,
1843,"à-coup",,,,,,,
1844,"à-peu-près",,,,,,,
1845,"à-pic",,,,,,,
1846,"à-plat",,,,,,,
1847,"à-propos",,,,,,,
1848,"à-valoir",,,,,,,
1849,"a",,,,,,,
1850,"aa",,,,,,,
1851,"abaca",,,,,,,
1852,"abaisse-langue",,,,,,,
1853,"abaisse",,,,,,,
1854,"abaissement","#ab:aba:bat:att:ttu:tur:ure:res:es#","abattures",0,0.9996469236004574,true,true,false
1855,"abalone",,,,,,,
1856,"abandon",,,,,,,
1857,"abandonneur",,,,,,,
1858,"abaque",,,,,,,
1859,"abat-jour",,,,,,,
1860,"abat-son",,,,,,,
1861,"abat",,,,,,,
1862,"abatage",,,,,,,
1863,"abatis",,,,,,,
1864,"abattant",,,,,,,
1865,"abattement",,,,,,,
1866,"abatteur",,,,,,,
1867,"abattoir",,,,,,,
1868,"abattu","#ab:abo:bol:oli:lit:iti:tio:ion:ons:ns#","abolitions",0,0.8537951048675504,true,true,false
1869,"abbatiale",,,,,,,
1870,"abbaye",,,,,,,
1871,"abbé",,,,,,,
1872,"abc",,,,,,,
1873,"abcès",,,,,,,
1874,"abdication","#ab:abo:bor:orn:rne:nem:eme:men:ent:nts:ts#","abornements",0,0.8996471995037931,true,true,false
1874,"abdication","#ab:abo:bor:orn:rne:nem:eme:men:ent:nt#","abornement",0,0.8253321699015335,false,false,false
1875,"abdo",,,,,,,
1876,"abdomen",,,,,,,
1877,"abduction",,,,,,,
1878,"abécédaire",,,,,,,
1879,"abeille",,,,,,,
1880,"aber",,,,,,,
1881,"aberration",,,,,,,
1882,"abêtissement",,,,,,,
1883,"abîme",,,,,,,
1884,"abjection",,,,,,,
1885,"abjuration",,,,,,,
1886,"ablatif",,,,,,,
1887,"ablation",,,,,,,
1888,"able",,,,,,,
1889,"ablette",,,,,,,
1890,"ablution",,,,,,,
1891,"abnégation",,,,,,,
1892,"aboi",,,,,,,
1893,"aboiement",,,,,,,
1894,"abolition",,,,,,,
1895,"abolitionniste",,,,,,,
1896,"abomination",,,,,,,
1897,"abondance",,,,,,,
1898,"abonné",,,,,,,
1899,"abonnée",,,,,,,
1900,"abonnement",,,,,,,
1901,"abord",,,,,,,
1902,"abordage",,,,,,,
1903,"aborigène",,,,,,,
1904,"abornement",,,,,,,
1905,"abouchement",,,,,,,
1906,"aboulie",,,,,,,
1907,"aboulique",,,,,,,
1908,"abouna",,,,,,,
1909,"about",,,,,,,
1910,"aboutissant",,,,,,,
1911,"aboutissement",,,,,,,
1912,"aboyeur",,,,,,,
1913,"abracadabra",,,,,,,
1914,"abrasif",,,,,,,
1915,"abrasion",,,,,,,
1916,"abraxas",,,,,,,
1917,"abrégé",,,,,,,
1918,"abreuvage","#ac:acc:cco:cor:ord:rdé:dés:és#","accordés",0,0.9998921118235495,true,true,false
1919,"abreuvoir","#ac:acc:cco:cor:ord:rde:dem:eme:men:ent:nts:ts#","accordements",0,0.8327136851342312,true,true,false
1920,"abréviation",,,,,,,
1921,"abri-refuge",,,,,,,
1922,"abri",,,,,,,
1923,"abribus",,,,,,,
1924,"abricot",,,,,,,
1925,"abricotier",,,,,,,
1926,"abricotine",,,,,,,
1927,"abrogation",,,,,,,
1928,"abrupt",,,,,,,
1929,"abruti",,,,,,,
1930,"abrutie",,,,,,,
1931,"abrutissement","#ac:acc:ccr:cru:rue:ues:es#","accrues",0,0.9999720824538687,true,true,false
1932,"abrutisseur",,,,,,,
1933,"abscisse","#ac:acc:ccu:cul:ult:ltu:tur:ura:rat:ati:tio:ion:ons:ns#","acculturations",0,0.9295013220599487,true,true,false
1934,"abscission",,,,,,,
1935,"absence",,,,,,,
1936,"absent","#ac:acc:ccu:cus:usa:sat:ati:tio:ion:ons:ns#","accusations",0,0.7583007981351972,true,false,true
1937,"absentéisme",,,,,,,
1938,"absentéiste",,,,,,,
1939,"abside",,,,,,,
1940,"absidiole",,,,,,,
1941,"absinthe",,,,,,,
1942,"absolu",,,,,,,
1943,"absolution",,,,,,,
1944,"absolutisme","#ac:ach:che:hem:emi:min:ine:nem:eme:men:ent:nts:ts#","acheminements",0,0.9507218380394834,true,true,false
1945,"absorbant",,,,,,,
1946,"absorbeur",,,,,,,
1947,"absorption",,,,,,,
1948,"absoute",,,,,,,
1949,"abstention",,,,,,,
1950,"abstentionniste",,,,,,,
1951,"abstinence",,,,,,,
1952,"abstraction",,,,,,,
1953,"abstrait",,,,,,,
1954,"absurde",,,,,,,
1955,"absurdité",,,,,,,
1956,"abus",,,,,,,
1957,"abuseur",,,,,,,
1958,"abysse",,,,,,,
1959,"abyssin",,,,,,,
1960,"acabit",,,,,,,
1961,"acacia",,,,,,,
1962,"académicien",,,,,,,
1963,"académie",,,,,,,
1964,"académisme",,,,,,,
1965,"acadien",,,,,,,
1966,"acadienne",,,,,,,
1967,"acajou",,,,,,,
1968,"acanthe",,,,,,,
1969,"acarien",,,,,,,
1970,"accablement",,,,,,,
1971,"accalmie",,,,,,,
1972,"accastillage","#ac:acu:cup:upo:pon:onc:nct:cte:teu:eur:urs:rs#","acuponcteurs",0,0.8557876968875873,true,true,false
1973,"accélérateur",,,,,,,
1974,"accélération",,,,,,,
1975,"accéléré","#ad:ada:dap:apt:pta:tat:ati:tio:ion:ons:ns#","adaptations",0,0.9211217967951857,true,true,false
1975,"accéléré","#ad:ada:dap:apt:pta:tat:ati:tio:ion:on#","adaptation",0,0.5898900333917666,false,false,false
1976,"accent",,,,,,,
1977,"accenteur",,,,,,,
1978,"accentuation","#ad:add:ddu:duc:uct:cti:tio:ion:ons:ns#","adductions",0,0.8568192917600168,true,true,false
1979,"acceptant",,,,,,,
1980,"acceptation",,,,,,,
1981,"acception",,,,,,,
1982,"accès",,,,,,,
1983,"accesseur",,,,,,,
1984,"accessibilité",,,,,,,
1985,"accession",,,,,,,
1986,"accessit",,,,,,,
1987,"accessoire",,,,,,,
1988,"accessoiriste","#ad:adj:dju:jur:ura:rat:ati:tio:ion:ons:ns#","adjurations",0,0.9013746112097721,true,true,false
1988,"accessoiriste","#ad:adj:dju:jur:ura:rat:ati:tio:ion:on#","adjuration",0,0.7004665028632684,false,false,false
1989,"accident",,,,,,,
1990,"accidenté",,,,,,,
1991,"accidentée",,,,,,,
1992,"acclamation",,,,,,,
1993,"acclimatation",,,,,,,
1994,"acclimatement",,,,,,,
1995,"accointance","#ad:adm:dmi:mis:iss:ssi:sio:ion:ons:ns#","admissions",0,0.9028097238153097,true,true,false
1996,"accolade",,,,,,,
1997,"accolement",,,,,,,
1998,"accommodation",,,,,,,
1999,"accommodement",,,,,,,
2000,"accompagnateur",,,,,,,
2001,"accompagnatrice",,,,,,,
2002,"accompagnement",,,,,,,
2003,"accompli",,,,,,,
2004,"accomplissement",,,,,,,
2005,"accord",,,,,,,
2006,"accordement",,,,,,,
2007,"accordéon",,,,,,,
2008,"accordéoniste",,,,,,,
2009,"accordeur",,,,,,,
2010,"accordo",,,,,,,
2011,"accostage",,,,,,,
2012,"accotement",,,,,,,
2013,"accotoir",,,,,,,
2014,"accouchée",,,,,,,
2015,"accouchement",,,,,,,
2016,"accoucheur",,,,,,,
2017,"accoudoir",,,,,,,
2018,"accouplement",,,,,,,
2019,"accoutrement","#aé:aér:éro:rol:olo:log:ogi:gie:ies:es#","aérologies",0,0.9044939035626656,true,true,false
2020,"accoutumance",,,,,,,
2021,"accra",,,,,,,
2022,"accréditation","#aé:aér:éro:rop:oph:pha:hag:agi:gie:ies:es#","aérophagies",0,0.8444127196776045,true,true,false
2023,"accrédité",,,,,,,
2024,"accréditif",,,,,,,
2025,"accrétion",,,,,,,
2026,"accro",,,,,,,
2027,"accrochage",,,,,,,
2028,"accroche-coeur",,,,,,,
2029,"accroche",,,,,,,
2030,"accroissement","#af:aff:ffa:fai:air:iri:ris:ism:sme:mes:es#","affairismes",0,0.7952504076378242,true,true,false
2031,"accroupissement",,,,,,,
2032,"accu",,,,,,,
2033,"accueil",,,,,,,
2034,"acculturation",,,,,,,
2035,"accumulateur",,,,,,,
2036,"accumulation",,,,,,,
2037,"accusateur",,,,,,,
2038,"accusatif",,,,,,,
2039,"accusation",,,,,,,
2040,"accusatrice",,,,,,,
2041,"accusée",,,,,,,
2042,"ace",,,,,,,
2043,"acéphale",,,,,,,
2044,"acerbité",,,,,,,
2045,"acetabulum",,,,,,,
2046,"acétate",,,,,,,
2047,"acétone",,,,,,,
2048,"acétylcholine",,,,,,,
2049,"acétylène","#af:aff:ffr:fra:ran:anc:nch:chi:hie:ies:es#","affranchies",0,0.8912467363777683,true,true,false
2050,"achalandage","#af:aff:ffr:fré:rét:éte:teu:eur:urs:rs#","affréteurs",0,0.9511082754401385,true,true,false
2051,"achard",,,,,,,
2052,"acharnement","#af:aff:ffu:fub:ubl:ble:lem:eme:men:ent:nts:ts#","affublements",0,0.8027700258716068,true,true,false
2053,"achat",,,,,,,
2054,"ache","#af:aff:ffû:fût:ûte:teu:eur:ur#","affûteur",0,0.7968355091791202,true,false,false
2055,"achélème",,,,,,,
2056,"acheminement",,,,,,,
2057,"acheteur",,,,,,,
2058,"acheteuse",,,,,,,
2059,"achèvement",,,,,,,
2060,"achillée",,,,,,,
2061,"achondroplasie",,,,,,,
2062,"achoppement",,,,,,,
2063,"acide","#ag:age:gen:end:nda:das:as#","agendas",0,0.9646713779026842,true,true,false
2064,"acidité",,,,,,,
2065,"acidocétose",,,,,,,
2066,"acidose",,,,,,,
2067,"acier","#ag:agg:ggl:glu:lut:uti:tin:ina:nat:ati:tio:ion:ons:ns#","agglutinations",0,0.8939118273359915,true,true,false
2068,"aciérie",,,,,,,
2069,"acmé",,,,,,,
2070,"acné",,,,,,,
2071,"acolyte",,,,,,,
2072,"acompte",,,,,,,
2073,"aconit",,,,,,,
2074,"acouphène","#ag:agn:gne:nel:ela:lag:age:ge#","agnelage",0,0.7980154208519659,true,false,false
2075,"acoustique",,,,,,,
2076,"acquéreur",,,,,,,
2077,"acquêt",,,,,,,
2078,"acquiescement",,,,,,,
2079,"acquis",,,,,,,
2080,"acquisition",,,,,,,
2081,"acquitté",,,,,,,
2082,"acquittement","#ag:agr:gra:ran:and:ndi:dis:iss:sse:sem:eme:men:ent:nts:ts#","agrandissements",0,0.9307555568148255,true,true,false
2083,"acre",,,,,,,
2084,"âcreté",,,,,,,
2085,"acrimonie",,,,,,,
2086,"acrobate","#ag:agr:gré:rég:éga:gat:ati:tio:ion:ons:ns#","agrégations",0,0.8855702622932119,true,true,false
2087,"acrobatie",,,,,,,
2088,"acromion","#ag:agr:gre:res:ess:ssi:sio:ion:ons:ns#","agressions",0,0.9127889868756706,true,true,false
2089,"acronyme",,,,,,,
2090,"acrophobie",,,,,,,
2091,"acropole",,,,,,,
2092,"acrostiche",,,,,,,
2093,"acrotère",,,,,,,
2094,"acrylique",,,,,,,
2095,"acrylonitrile",,,,,,,
2096,"acte","#aï:aïs:ïs#","aïs",0,0.9999799635371301,true,true,false
2097,"acteur","#ai:aid:ide:des:es-:s-c:-cu:cui:uis:isi:sin:ini:nie:ier:ers:rs#","aides-cuisiniers",0,0.9995752402722532,true,true,false
2098,"actif",,,,,,,
2099,"actine",,,,,,,
2100,"actinie",,,,,,,
2101,"action",,,,,,,
2102,"actionnaire",,,,,,,
2103,"actionnariat",,,,,,,
2104,"actionnement",,,,,,,
2105,"actionneur",,,,,,,
2106,"activateur",,,,,,,
2107,"activation",,,,,,,
2108,"activisme",,,,,,,
2109,"activité",,,,,,,
2110,"actrice",,,,,,,
2111,"actuaire",,,,,,,
2112,"actualisation",,,,,,,
2113,"actualité",,,,,,,
2114,"actuation",,,,,,,
2115,"acuité",,,,,,,
2116,"acumen",,,,,,,
2117,"acuponcteur",,,,,,,
2118,"acuponcture",,,,,,,
2119,"ada",,,,,,,
2120,"adage",,,,,,,
2121,"adagio",,,,,,,
2122,"adaptabilité",,,,,,,
2123,"adaptateur",,,,,,,
2124,"adaptation",,,,,,,
2125,"addenda",,,,,,,
2126,"addendum",,,,,,,
2127,"addiction",,,,,,,
2128,"additif",,,,,,,
2129,"addition","#al:ala:lar:arm:rmi:mis:ism:sme:mes:es#","alarmismes",0,0.700808218805996,true,true,false
2130,"adducteur",,,,,,,
2131,"adduction",,,,,,,
2132,"adénine",,,,,,,
2133,"adénocarcinome",,,,,,,
2134,"adénome",,,,,,,
2135,"adénopathie",,,,,,,
2136,"adénosine",,,,,,,
2137,"adénovirus","#al:alc:lco:coo:ool:olé:lém:émi:mie:ies:es#","alcoolémies",0,0.9393423206042605,true,true,false
2138,"adent","#al:alc:lco:coo:ool:oli:lis:ism:sme:mes:es#","alcoolismes",0,0.8233841871562056,true,true,false
2138,"adent","#al:alc:lco:coo:ool:oli:lis:ism:sme:me#","alcoolisme",0,0.6993725181448867,false,false,false
2139,"adepte",,,,,,,
2140,"adéquation",,,,,,,
2141,"adhérence",,,,,,,
2142,"adhérent","#al:ald:lde:der:erm:rme:men:en#","aldermen",0,0.9400670728016514,true,true,false
2143,"adhésif",,,,,,,
2144,"adhésion",,,,,,,
2145,"adieu",,,,,,,
2146,"adiposité",,,,,,,
2147,"adja",,,,,,,
2148,"adjectif",,,,,,,
2149,"adjoint",,,,,,,
2150,"adjointe",,,,,,,
2151,"adjonction",,,,,,,
2152,"adjudant-chef",,,,,,,
2153,"adjudant-major",,,,,,,
2154,"adjudant",,,,,,,
2155,"adjudication",,,,,,,
2156,"adjuration",,,,,,,
2157,"adjuvant",,,,,,,
2158,"administrateur",,,,,,,
2159,"administration",,,,,,,
2160,"administratrice",,,,,,,
2161,"administré",,,,,,,
2162,"administrée","#al:all:llé:lég:ége:gem:eme:men:ent:nts:ts#","allégements",0,0.9531913336283179,true,true,false
2162,"administrée","#al:all:llé:lég:ége:gem:eme:men:ent:nt#","allégement",0,0.7550109621281368,false,false,false
2163,"admirateur",,,,,,,
2164,"admiration",,,,,,,
2165,"admiratrice",,,,,,,
2166,"admis",,,,,,,
2167,"admissibilité",,,,,,,
2168,"admissible",,,,,,,
2169,"admission",,,,,,,
2170,"admixtion",,,,,,,
2171,"admonestation",,,,,,,
2172,"admonition",,,,,,,
2173,"ado",,,,,,,
2174,"adobe",,,,,,,
2175,"adolescence",,,,,,,
2176,"adolescent",,,,,,,
2177,"adolescente",,,,,,,
2178,"adon",,,,,,,
2179,"adonis",,,,,,,
2180,"adoptant",,,,,,,
2181,"adoptée",,,,,,,
2182,"adoption","#al:alo:lou:our:urd:rdi:dis:iss:sse:sem:eme:men:ent:nts:ts#","alourdissements",0,0.8846517251524252,true,true,false
2183,"adorateur",,,,,,,
2184,"adoration",,,,,,,
2185,"adoratrice",,,,,,,
2186,"ado",,,,,,,
2187,"adoubement",,,,,,,
2188,"adoucissant",,,,,,,
2189,"adoucissement",,,,,,,
2190,"adoucisseur","#al:alt:lti:tit:itu:tud:ude:des:es#","altitudes",0,0.9684366965817631,true,true,false
2191,"adp",,,,,,,
2192,"adrénaline",,,,,,,
2193,"adressage",,,,,,,
2194,"adresse","#am:ama:mad:ado:dou:ous:us#","amadous",0,0.9246844780943717,true,true,false
2195,"adret",,,,,,,
2196,"adulateur",,,,,,,
2197,"adulation",,,,,,,
2198,"adulte",,,,,,,
2199,"adultération",,,,,,,
2200,"adultère",,,,,,,
2201,"adventiste","#am:ama:mau:aur:uro:ros:ose:ses:es#","amauroses",0,0.9272554514103801,true,true,false
2201,"adventiste","#ar:art:rth:thr:hro:ros:ose:ses:es#","arthroses",0,0.6310527354059553,false,false,false
2202,"adverbe",,,,,,,
2203,"adversaire",,,,,,,
2204,"adversité",,,,,,,
2205,"aède",,,,,,,
2206,"aérage","#am:amb:mbl:ble:les:es#","ambles",0,0.8264291859542834,true,true,false
2207,"aérateur",,,,,,,
2208,"aération",,,,,,,
2209,"aérien",,,,,,,
2210,"aéro-club","#am:ame:men:end:nde:dem:eme:men:ent:nts:ts#","amendements",0,0.6473985386363794,true,true,false
2210,"aéro-club","#am:ame:men:end:nde:dem:eme:men:ent:nt#","amendement",0,0.5041026759353358,false,false,false
2211,"aéro",,,,,,,
2212,"aérobic",,,,,,,
2213,"aérodrome",,,,,,,
2214,"aérodynamique",,,,,,,
2215,"aérodynamisme",,,,,,,
2216,"aérofrein",,,,,,,
2217,"aérogare",,,,,,,
2218,"aéroglisseur",,,,,,,
2219,"aérographe",,,,,,,
2220,"aérolithe",,,,,,,
2221,"aérologie",,,,,,,
2222,"aéromodélisme",,,,,,,
2223,"aéronaute","#am:amm:mmo:mon:oni:nia:iaq:aqu:que:ues:es#","ammoniaques",0,0.901094356554808,true,true,false
2224,"aéronautique",,,,,,,
2225,"aéronavale",,,,,,,
2226,"aéronef",,,,,,,
2227,"aérophagie",,,,,,,
2228,"aéroplane","#am:amo:moi:oin:ind:ndr:dri:ris:iss:sse:sem:eme:men:ent:nts:ts#","amoindrissements",0,0.8473507559490605,true,true,false
2229,"aéroport","#am:amo:mok:oks:ks#","amoks",0,0.9999781422619373,true,true,false
2230,"aéropostale","#am:amo:mol:oll:lli:lis:iss:sse:sem:eme:men:ent:nts:ts#","amollissements",0,0.7769724068109863,true,true,false
2231,"aérosol",,,,,,,
2232,"aérospatiale",,,,,,,
2233,"aérostat",,,,,,,
2234,"aérostier",,,,,,,
2235,"aérotrain",,,,,,,
2236,"affabilité",,,,,,,
2237,"affabulation",,,,,,,
2238,"affabulatrice",,,,,,,
2239,"affacturage",,,,,,,
2240,"affadissement",,,,,,,
2241,"affaiblissement",,,,,,,
2242,"affaire",,,,,,,
2243,"affairé",,,,,,,
2244,"affairée",,,,,,,
2245,"affairement",,,,,,,
2246,"affairisme",,,,,,,
2247,"affairiste",,,,,,,
2248,"affaissement",,,,,,,
2249,"affalement",,,,,,,
2250,"affamé",,,,,,,
2251,"affamée",,,,,,,
2252,"affect",,,,,,,
2253,"affectation",,,,,,,
2254,"affection","#an:ana:nal:ale:lep:ept:pti:tiq:iqu:que:ues:es#","analeptiques",0,0.9998566664157353,true,true,false
2255,"affectivité",,,,,,,
2256,"affermissement",,,,,,,
2257,"afféterie",,,,,,,
2258,"affichage",,,,,,,
2259,"affiche",,,,,,,
2260,"affichette",,,,,,,
2261,"afficheur",,,,,,,
2262,"affichiste",,,,,,,
2263,"affidavit","#an:ana:nar:arc:rch:chi:his:ism:sme:mes:es#","anarchismes",0,0.8598703233306149,true,true,false
2263,"affidavit","#an:ana:nar:arc:rch:chi:his:ism:sme:me#","anarchisme",0,0.669030669194946,false,false,false
2264,"affidé",,,,,,,
2265,"affiliation",,,,,,,
2266,"affilié",,,,,,,
2267,"affiliée",,,,,,,
2268,"affinage",,,,,,,
2269,"affinement",,,,,,,
2270,"affinité",,,,,,,
2271,"affiquet",,,,,,,
2272,"affirmation",,,,,,,
2273,"affirmative",,,,,,,
2274,"affleurement",,,,,,,
2275,"affliction",,,,,,,
2276,"affluence",,,,,,,
2277,"affluent",,,,,,,
2278,"afflux",,,,,,,
2279,"affolement",,,,,,,
2280,"affouage",,,,,,,
2281,"affouillement",,,,,,,
2282,"affranchi",,,,,,,
2283,"affranchie",,,,,,,
2284,"affranchissement",,,,,,,
2285,"affre",,,,,,,
2286,"affrètement",,,,,,,
2287,"affréteur",,,,,,,
2288,"affreux",,,,,,,
2289,"affront",,,,,,,
2290,"affrontement",,,,,,,
2291,"affublement",,,,,,,
2292,"affusion",,,,,,,
2293,"affût",,,,,,,
2294,"affûtage",,,,,,,
2295,"affûteur",,,,,,,
2296,"afghan",,,,,,,
2297,"afghane",,,,,,,
2298,"aficionado",,,,,,,
2299,"africain",,,,,,,
2300,"africanisme",,,,,,,
2301,"afrikaans",,,,,,,
2302,"afrikaner",,,,,,,
2303,"afro-américain",,,,,,,
2304,"afro-américaine","#an:ani:nim:ima:mat:ati:tio:ion:ons:ns#","animations",0,0.8784053339067815,true,true,false
2305,"afro-cubain",,,,,,,
2306,"after-shave",,,,,,,
2307,"aga",,,,,,,
2308,"agace",,,,,,,
2309,"agacement",,,,,,,
2310,"agacerie",,,,,,,
2311,"agame",,,,,,,
2312,"agami",,,,,,,
2313,"agapanthe",,,,,,,
2314,"agape",,,,,,,
2315,"agar-agar",,,,,,,
2316,"agate",,,,,,,
2317,"agave",,,,,,,
2318,"age",,,,,,,
2319,"agence",,,,,,,
2320,"agencement",,,,,,,
2321,"agenda",,,,,,,
2322,"agenouillement",,,,,,,
2323,"agent",,,,,,,
2324,"agente",,,,,,,
2325,"aggiornamento",,,,,,,
2326,"agglo",,,,,,,
2327,"agglomérat",,,,,,,
2328,"agglomération",,,,,,,
2329,"aggloméré",,,,,,,
2330,"agglutination",,,,,,,
2331,"agglutinement",,,,,,,
2332,"agglutinogène",,,,,,,
2333,"aggravation",,,,,,,
2334,"aggrave",,,,,,,
2335,"agilité","#an:ant:nti:tig:iga:gan:ang:ngs:gs#","antigangs",0,0.9999432149490448,true,true,false
2336,"agio",,,,,,,
2337,"agioteur",,,,,,,
2338,"âgisme",,,,,,,
2339,"agissement",,,,,,,
2340,"agit-prop",,,,,,,
2341,"agitateur","#an:ant:nti:tié:iém:émé:mét:éti:tiq:iqu:que:ues:es#","antiémétiques",0,0.8698869080129081,true,true,false
2342,"agitation",,,,,,,
2343,"agitatrice",,,,,,,
2344,"agité",,,,,,,
2345,"agitée",,,,,,,
2346,"agnat",,,,,,,
2347,"agnathe",,,,,,,
2348,"agneau",,,,,,,
2349,"agnelage",,,,,,,
2350,"agnelet",,,,,,,
2351,"agnelle",,,,,,,
2352,"agnosie","#an:ant:nti:tip:ipo:pod:ode:des:es#","antipodes",0,0.904039774649886,true,true,false
2353,"agnostique",,,,,,,
2354,"agonie",,,,,,,
2355,"agonique",,,,,,,
2356,"agonisant",,,,,,,
2357,"agora",,,,,,,
2358,"agoraphobe",,,,,,,
2359,"agoraphobie",,,,,,,
2360,"agouti",,,,,,,
2361,"agrafage",,,,,,,
2362,"agrafe",,,,,,,
2363,"agrafeur",,,,,,,
2364,"agrafeuse",,,,,,,
2365,"agrainage",,,,,,,
2366,"agrandissement",,,,,,,
2367,"agrandisseur",,,,,,,
2368,"agranulocytose",,,,,,,
2369,"agréable",,,,,,,
2370,"agréé",,,,,,,
2371,"agrég",,,,,,,
2372,"agrégat","#ap:ape:pes:esa:san:ant:nte:teu:eur:urs:rs#","apesanteurs",0,0.8021619328067516,true,true,false
2372,"agrégat","#ap:ape:pes:esa:san:ant:nte:teu:eur:ur#","apesanteur",0,0.6875263255362878,false,false,false
2373,"agrégatif",,,,,,,
2374,"agrégation","#ap:aph:phé:hér:érè:rès:èse:ses:es#","aphérèses",0,0.9245537997131474,true,true,false
2375,"agrégative",,,,,,,
2376,"agrégé",,,,,,,
2377,"agrégée","#ap:aph:phr:hro:rod:odi:dit:ite:tes:es#","aphrodites",0,0.8691428744225992,true,true,false
2378,"agrément",,,,,,,
2379,"agrès",,,,,,,
2380,"agresseur",,,,,,,
2381,"agression",,,,,,,
2382,"agressivité","#ap:api:pit:ito:toi:oie:iem:eme:men:ent:nts:ts#","apitoiements",0,0.9109132553806901,true,true,false
2382,"agressivité","#ap:api:pit:ito:toi:oie:iem:eme:men:ent:nt#","apitoiement",0,0.6796741539197948,false,false,false
2383,"agriculteur",,,,,,,
2384,"agricultrice",,,,,,,
2385,"agriculture",,,,,,,
2386,"agrippement",,,,,,,
2387,"agro",,,,,,,
2388,"agroalimentaire",,,,,,,
2389,"agronome",,,,,,,
2390,"agronomie",,,,,,,
2391,"agrume",,,,,,,
2392,"aguardiente","#ap:apo:pol:olo:log:ogé:gét:éti:tiq:iqu:que:ues:es#","apologétiques",0,0.8648502933425513,true,true,false
2393,"aguichage",,,,,,,
2394,"aguiche",,,,,,,
2395,"aguicheuse",,,,,,,
2396,"ahan",,,,,,,
2397,"ahanement",,,,,,,
2398,"ahuri",,,,,,,
2399,"ahurie","#ap:apo:pop:opt:pto:tos:ose:ses:es#","apoptoses",0,0.8614766559524815,true,true,false
2399,"ahurie","#ap:apo:pop:opt:pto:tos:ose:se#","apoptose",0,0.7609617774285883,false,false,false
2400,"ahurissement",,,,,,,
2401,"aï","#ap:apo:pos:ost:sta:tat:ate:tes:es#","apostates",0,0.8173768130864576,true,true,false
2402,"aïd",,,,,,,
2403,"aide-bourreau",,,,,,,
2404,"aide-cuisinier","#ap:apo:pos:ost:stu:tum:ume:mes:es#","apostumes",0,0.8821553933119815,true,true,false
2405,"aide-jardinier",,,,,,,
2406,"aide-major",,,,,,,
2407,"aide-mémoire",,,,,,,
2408,"aide-ménagère",,,,,,,
2409,"aide-soignant",,,,,,,
2410,"aide-soignante",,,,,,,
2411,"aide",,,,,,,
2412,"aïeul",,,,,,,
2413,"aïeule",,,,,,,
2414,"aigle",,,,,,,
2415,"aiglefin","#ap:app:ppa:par:art:rte:tem:eme:men:ent:nts:ts#","appartements",0,0.9364404742970395,true,true,false
2415,"aiglefin","#ap:app:ppa:par:art:rte:tem:eme:men:ent:nt#","appartement",0,0.7472962418792448,false,false,false
2416,"aiglon",,,,,,,
2417,"aigre",,,,,,,
2418,"aigrette",,,,,,,
2419,"aigreur",,,,,,,
2420,"aigri","#ap:app:ppe:pel:ela:lan:ant:nt#","appelant",0,0.6664167189207971,true,false,false
2421,"aigrie",,,,,,,
2422,"aigu",,,,,,,
2423,"aiguade",,,,,,,
2424,"aiguail",,,,,,,
2425,"aigue-marine",,,,,,,
2426,"aiguière",,,,,,,
2427,"aiguillage",,,,,,,
2428,"aiguillat",,,,,,,
2429,"aiguille",,,,,,,
2430,"aiguillée",,,,,,,
2431,"aiguillette",,,,,,,
2432,"aiguilleur",,,,,,,
2433,"aiguillon",,,,,,,
2434,"aiguiseur",,,,,,,
2435,"aiguisoir",,,,,,,
2436,"aïkido",,,,,,,
2437,"ail",,,,,,,
2438,"aile",,,,,,,
2439,"aileron",,,,,,,
2440,"ailette",,,,,,,
2441,"ailier",,,,,,,
2442,"aimant",,,,,,,
2443,"aimantation",,,,,,,
2444,"aine",,,,,,,
2445,"aîné",,,,,,,
2446,"aînée",,,,,,,
2447,"aînesse",,,,,,,
2448,"aïoli",,,,,,,
2449,"air",,,,,,,
2450,"airain","#ap:apr:prè:rès:ès-:s-d:-dî:dîn:îne:ner:ers:rs#","après-dîners",0,0.9999655396013547,true,true,false
2451,"airbus","#ap:apr:prè:rès:ès-:s-g:-gu:gue:uer:err:rre:re#","après-guerre",0,0.7347363282786032,true,false,false
2452,"aire",,,,,,,
2453,"airedale","#ap:apt:pti:tit:itu:tud:ude:des:es#","aptitudes",0,0.9467065043677754,true,true,false
2453,"airedale","#ap:app:ppr:pre:ren:ent:nti:tio:ion:ons:ns#","apprentions",0,0.5156192580784402,false,false,true
2454,"airelle",,,,,,,
2455,"ais",,,,,,,
2456,"aisance",,,,,,,
2457,"aise",,,,,,,
2458,"aisseau",,,,,,,
2459,"aisselle",,,,,,,
2460,"aître",,,,,,,
2461,"aixois",,,,,,,
2462,"ajaccienne",,,,,,,
2463,"ajax",,,,,,,
2464,"ajonc",,,,,,,
2465,"ajour",,,,,,,
2466,"ajournement",,,,,,,
2467,"ajout",,,,,,,
2468,"ajustage",,,,,,,
2469,"ajustement",,,,,,,
2470,"ajusteur",,,,,,,
2471,"ajusture",,,,,,,
2472,"ajutage",,,,,,,
2473,"ako",,,,,,,
2474,"akvavit","#an:ant:nti:tis:is#","antis",0,0.3385026137901301,true,false,true
2475,"alacrité",,,,,,,
2476,"alaise",,,,,,,
2477,"alambic",,,,,,,
2478,"alanguissement","#ar:arb:rbo:bor:ore:res:es#","arbores",0,0.3955905877205617,true,false,true
2479,"alarme",,,,,,,
2480,"alarmisme",,,,,,,
2481,"alarmiste",,,,,,,
2482,"alba",,,,,,,
2483,"albacore",,,,,,,
2484,"albanais",,,,,,,
2485,"albâtre",,,,,,,
2486,"albatros",,,,,,,
2487,"albe",,,,,,,
2488,"albertine",,,,,,,
2489,"albigeois",,,,,,,
2490,"albinisme",,,,,,,
2491,"alboche",,,,,,,
2492,"albugo",,,,,,,
2493,"album",,,,,,,
2494,"albumine",,,,,,,
2495,"alcade",,,,,,,
2496,"alcalde",,,,,,,
2497,"alcali",,,,,,,
2498,"alcalinité",,,,,,,
2499,"alcaloïde",,,,,,,
2500,"alcalose",,,,,,,
2501,"alcatraz",,,,,,,
2502,"alcazar",,,,,,,
2503,"alcée",,,,,,,
2504,"alchimie",,,,,,,
2505,"alchimiste",,,,,,,
2506,"alcibiade",,,,,,,
2507,"alcool","#ar:arc:rch:chi:hit:ite:tec:ect:cte:tes:es#","architectes",0,0.9372578361394501,true,true,false
2507,"alcool","#ar:arc:rch:chi:hit:ite:tec:ect:cte:te#","architecte",0,0.8024358948302039,false,false,false
2508,"alcoolémie",,,,,,,
2509,"alcoolique","#ar:arc:rch:chi:hiv:iva:vag:age:ge#","archivage",0,0.8120513848514573,true,false,false
2510,"alcoolisme",,,,,,,
2511,"alcoolo",,,,,,,
2512,"alcoomètre",,,,,,,
2513,"alcootest",,,,,,,
2514,"alcoran",,,,,,,
2515,"alcôve",,,,,,,
2516,"alcyon",,,,,,,
2517,"alde",,,,,,,
2518,"aldéhyde",,,,,,,
2519,"alderman","#ar:are:rec:ecs:cs#","arecs",0,0.9999530807606063,true,true,false
2520,"aldol",,,,,,,
2521,"ale",,,,,,,
2522,"aléa",,,,,,,
2523,"alène","#ar:aré:réo:éop:opa:pag:agi:git:ite:tes:es#","aréopagites",0,0.8249593156487667,true,true,false
2524,"alentour",,,,,,,
2525,"aleph",,,,,,,
2526,"alerte",,,,,,,
2527,"alevin",,,,,,,
2528,"alexandra",,,,,,,
2529,"alexandrin",,,,,,,
2530,"alexie",,,,,,,
2531,"alexithymie",,,,,,,
2532,"alezan",,,,,,,
2533,"alfa",,,,,,,
2534,"algarade",,,,,,,
2535,"algèbre",,,,,,,
2536,"algébriste",,,,,,,
2537,"algérien",,,,,,,
2538,"algérienne",,,,,,,
2539,"algie",,,,,,,
2540,"algonquin",,,,,,,
2541,"algonquine",,,,,,,
2542,"algorithme","#ar:ari:ris:ist:sta:tar:arq:rqu:que:ues:es#","aristarques",0,0.8718027109735652,true,true,false
2543,"algue",,,,,,,
2544,"alhambra",,,,,,,
2545,"alibi",,,,,,,
2546,"alidade",,,,,,,
2547,"aliénation",,,,,,,
2548,"aliéné",,,,,,,
2549,"aliénée",,,,,,,
2550,"aliéniste",,,,,,,
2551,"alignement",,,,,,,
2552,"aligot",,,,,,,
2553,"aligoté",,,,,,,
2554,"alim",,,,,,,
2555,"aliment",,,,,,,
2556,"alimentation",,,,,,,
2557,"alinéa",,,,,,,
2558,"alise","#ar:arm:rmo:mon:ons:ns#","armons",0,0.9272070837257058,true,true,false
2559,"alisier",,,,,,,
2560,"alitement",,,,,,,
2561,"alizé",,,,,,,
2562,"allaitement",,,,,,,
2563,"allant","#ar:arn:rna:naq:aqu:que:ueu:eur:urs:rs#","arnaqueurs",0,0.9198861024872208,true,true,false
2564,"allée",,,,,,,
2565,"allégation",,,,,,,
2566,"allégeance",,,,,,,
2567,"allègement",,,,,,,
2568,"allégement",,,,,,,
2569,"allégorie",,,,,,,
2570,"allégresse",,,,,,,
2571,"allegro",,,,,,,
2572,"allèle",,,,,,,
2573,"alléluia",,,,,,,
2574,"allemagne",,,,,,,
2575,"allemand",,,,,,,
2576,"allemande",,,,,,,
2577,"aller-retour",,,,,,,
2578,"aller",,,,,,,
2579,"allergène","#ar:arr:rra:rac:ach:che:heu:eur:urs:rs#","arracheurs",0,0.7886674105317538,true,true,false
2580,"allergie","#ar:arr:rra:ran:ang:nge:gem:eme:men:ent:nts:ts#","arrangements",0,0.9352811357351125,true,true,false
2581,"allergologie","#ar:arr:rra:ran:ang:nge:geu:eur:urs:rs#","arrangeurs",0,0.9544985763994142,true,true,false
2581,"allergologie","#ar:arr:rra:ran:ang:nge:geu:eur:ur#","arrangeur",0,0.8467795943285154,false,false,false
2582,"allergologue","#as:ass:ssa:sas:ass:ssi:sio:ion:ons:ns#","assassions",0,0.5095086138495345,true,false,true
2583,"alliage",,,,,,,
2584,"alliance",,,,,,,
2585,"allié",,,,,,,
2586,"alliée","#ar:arr:rri:riè:ièr:ère:re-:e-b:-ba:ban:ans:ns#","arrière-bans",0,0.8177797139690769,true,true,false
2587,"alligator",,,,,,,
2588,"allitération",,,,,,,
2589,"allium",,,,,,,
2590,"alloc",,,,,,,
2591,"allocataire",,,,,,,
2592,"allocation",,,,,,,
2593,"allochtone",,,,,,,
2594,"allocution",,,,,,,
2595,"allogreffe",,,,,,,
2596,"allonge",,,,,,,
2597,"allongement",,,,,,,
2598,"allopathie",,,,,,,
2599,"allumage","#ar:arr:rri:rim:ima:mag:age:ges:es#","arrimages",0,0.9271283543093235,true,true,false
2599,"allumage","#ar:arr:rri:rim:ima:mag:age:ge#","arrimage",0,0.7472977817464139,false,false,false
2600,"allume-cigare",,,,,,,
2601,"allume-feu",,,,,,,
2602,"allume-gaz",,,,,,,
2603,"allumé",,,,,,,
2604,"allumée","#ar:arr:rri:riv:ivi:vis:ism:sme:mes:es#","arrivismes",0,0.8162008492581483,true,true,false
2605,"allumette",,,,,,,
2606,"allumeur",,,,,,,
2607,"allumeuse",,,,,,,
2608,"allumoir",,,,,,,
2609,"allure",,,,,,,
2610,"allusion",,,,,,,
2611,"alluvion",,,,,,,
2612,"alma",,,,,,,
2613,"almanach",,,,,,,
2614,"almée",,,,,,,
2615,"almohade",,,,,,,
2616,"aloès",,,,,,,
2617,"aloi",,,,,,,
2618,"alopécie",,,,,,,
2619,"alose",,,,,,,
2620,"alouette",,,,,,,
2621,"alourdissement",,,,,,,
2622,"aloyau","#ar:art:rth:thr:hro:ros:ose:ses:es#","arthroses",0,0.9027337321704958,true,false,false
2623,"alpaga",,,,,,,
2624,"alpage",,,,,,,
2625,"alpe",,,,,,,
2626,"alpenstock",,,,,,,
2627,"alphabet",,,,,,,
2628,"alphabétisation",,,,,,,
2629,"alpinisme",,,,,,,
2630,"alpiniste",,,,,,,
2631,"alsacien",,,,,,,
2632,"alsacienne",,,,,,,
2633,"altération",,,,,,,
2634,"altercation",,,,,,,
2635,"altérité",,,,,,,
2636,"alternance",,,,,,,
2637,"alternateur",,,,,,,
2638,"alternative",,,,,,,
2639,"altesse",,,,,,,
2640,"althaea",,,,,,,
2641,"altimètre",,,,,,,
2642,"altitude","#as:asb:sbe:bes:est:ste:tes:es#","asbestes",0,0.8377069274438439,true,true,false
2643,"alto",,,,,,,
2644,"altruisme",,,,,,,
2645,"altruiste",,,,,,,
2646,"altuglas",,,,,,,
2647,"alu",,,,,,,
2648,"aluette",,,,,,,
2649,"aluminium","#as:asc:scé:cét:éti:tis:ism:sme:mes:es#","ascétismes",0,0.8569570784350483,true,true,false
2650,"alun",,,,,,,
2651,"alunissage","#as:ase:sep:eps:psi:sie:ies:es#","asepsies",0,0.7755977958187943,true,true,false
2652,"alvar",,,,,,,
2653,"alvéole",,,,,,,
2654,"alysse",,,,,,,
2655,"amabilité","#as:aso:soc:oci:cia:ial:ale:les:es#","asociales",0,0.7698008709212528,true,true,false
2656,"amadou",,,,,,,
2657,"amaigrissement",,,,,,,
2658,"amalgame",,,,,,,
2659,"aman",,,,,,,
2660,"amande",,,,,,,
2661,"amandier",,,,,,,
2662,"amandine",,,,,,,
2663,"amanite",,,,,,,
2664,"amante",,,,,,,
2665,"amarante",,,,,,,
2666,"amaro",,,,,,,
2667,"amarrage",,,,,,,
2668,"amarre",,,,,,,
2669,"amaryllis",,,,,,,
2670,"amas",,,,,,,
2671,"amateur",,,,,,,
2672,"amateurisme",,,,,,,
2673,"amatrice",,,,,,,
2674,"amaurose",,,,,,,
2675,"amazone",,,,,,,
2676,"ambage",,,,,,,
2677,"ambassade",,,,,,,
2678,"ambassadeur",,,,,,,
2679,"ambassadrice",,,,,,,
2680,"ambiance",,,,,,,
2681,"ambidextre","#as:ass:sse:ses:ess:sse:seu:eur:urs:rs#","assesseurs",0,0.36018111333514813,true,true,false
2682,"ambiguïté",,,,,,,
2683,"ambitieuse",,,,,,,
2684,"ambition",,,,,,,
2685,"ambivalence",,,,,,,
2686,"amble",,,,,,,
2687,"amboine","#as:ass:ssi:sig:ign:gna:nat:ati:tio:ion:ons:ns#","assignations",0,0.8659043244476601,true,true,false
2688,"ambon",,,,,,,
2689,"ambre","#as:ass:ssi:sim:imi:mil:ilé:lés:és#","assimilés",0,0.9994445238209926,true,true,false
2690,"ambroisie",,,,,,,
